ta;;;;;;
Id_Restaurante;Restaurante;Votaciones;Valoracion;new_rating;Dirección;Estado
1;Los Montes de Galicia;13670;4.8;4.75;Calle Azcona, 46;
2;Kathmandu Tandoori House;2790;4.9;4.7;Calle Acuario, 11;
3;Grama Lounge;4831;4.8;4.68;Calle de la Cruz, 19;
4;Sakale;3828;4.8;4.66;Calle del molino de viento, 4;
5;Zenith Caffè - Valverde;3969;4.8;4.66;Calle Valverde, 28;
6;Tabernas El Sur;10207;4.7;4.65;Calle Torrecillas del leal, 12;
7;Taberna El Sur De Huertas;3643;4.8;4.65;Calle de las huertas, 24;
8;Taberna Más Al Sur;7475;4.7;4.63;Calle Santa Isabel, 35;
9;Inclán Brutal Bar;6137;4.7;4.62;Calle de Álvarez Gato, 4;
10;SteakBurger Gran Vía 16;6077;4.7;4.62;Calle Gran Vía, 16;
11;Pastamore Alcalá;1638;4.9;4.61;Calle de Alcalá, 191;
12;El Sur de Moratín;2379;4.8;4.6;Calle Moratín, 19;
13;SteakBurger Arenal I Hamburguesas Madrid;2251;4.8;4.59;Calle del arenal, 26;
14;Ástor;2153;4.8;4.59;Calle del almendro, 9;
15;Azotea Forus Barceló;2282;4.8;4.59;Calle de Barceló, 6;
16;Oven Mozzarella Preciados;2263;4.8;4.59;Calle Preciados, 11;
17;SteakBurger Fuencarral;4063;4.7;4.59;Calle Fuencarral, 73;
18;Steakburger Atocha | Hamburguesas Madrid;4165;4.7;4.59;Calle Atocha, 110;
19;Trattoria Pulcinella;3207;4.7;4.56;Calle regueros, 7;
20;Oven Mozzarella Atocha | Italiano Madrid;3282;4.7;4.56;Calle Atocha, 114;
21;Mu! El Placer De La Carne;3030;4.7;4.56;Calle chinchilla, 3;
22;Restaurante Dcorazon;3094;4.7;4.56;Plaza Mayor, 30;
23;SteakBurger Gran Vía 55;1760;4.8;4.55;Calle Gran Vía, 55;
24;Rosi La Loca;8945;4.6;4.55;Calle de Cádiz, 4;
25;Oven Mozzarella Gran Via 55;2674;4.7;4.54;Calle Gran Vía, 55;
26;Oven Mozzarella Gran Vía 6;5951;4.6;4.53;Calle Gran Vía, 6;
27;Pizzart Villa Luchana | Pizzeria Madrid;1069;4.9;4.52;Calle de luchana, 17;
28;GastroVía 61;2313;4.7;4.52;Calle Flor baja, 3;
29;Taberna de Peñalver;2203;4.7;4.52;Calle del conde Peñalver, 90;
30;Oven Mozzarella Fuencarral;4333;4.6;4.51;Calle Fuencarral, 74;
31;SteakBurger Preciados;1862;4.7;4.5;Calle Preciados, 42;
32;La Bistroteca;1257;4.8;4.5;Calle Espartinas, 7;
33;Meson Restaurante La Mi Venta;3574;4.6;4.49;Plaza marina española, 7;
34;Malafemmena;1692;4.7;4.48;Calle del doctor Esquerdo, 13;
35;Steakburger - Luchana;1665;4.7;4.48;Calle Luchana, 17;
36;Oven - Mozarrella Bar;1672;4.7;4.48;Calle San Juan de Ortega, 26;
37;El miniBAR;2713;4.6;4.47;Mesón de Paños, 1;
38;Sibuya Urban Sushi Bar - Madrid;1059;4.8;4.47;Calle de Orense, 11;
39;Sibuya Urban Sushi Bar;989;4.8;4.46;Calle de Ibiza, 33;
40;DSTAGE;2255;4.6;4.45;Calle de Regueros, 8;
41;Restaurante La Malontina;2259;4.6;4.45;Calle Verónica, 4;
42;Vinoteca Moratin;1275;4.7;4.44;Calle Moratín, 36;
43;Burnout;1256;4.7;4.44;Calle Valverde, 6;
44;Metro Bistró - Plaza Mayor;1935;4.6;4.44;Calle Imperial, 3;
45;El Sueño De Carmen;718;4.9;4.44;Calle San Epifanio, 7;
46;Sibuya Urban Sushi Bar Chueca;1203;4.7;4.43;Calle Santo Tomé, 5;
47;El Social;787;4.8;4.42;Calle Hernán Cortés, 19;
48;Alright;1702;4.6;4.42;Calle Pedro Rico, 41;
49;Pampa Beef;1124;4.7;4.42;Calle Príncipe, 3;
50;Ichikani Madrid;599;4.9;4.41;Calle Velazquez, 31;
51;Origen Taberna;1494;4.6;4.41;Calle Juan Álvarez Mendizábal, 44;
52;Eiffel Restaurante;1050;4.7;4.41;Calle Seseña, 18;
53;Restaurante Morgana;1014;4.7;4.41;Calle Libertad, 5;
54;Zenith Caffè - Desengaño;612;4.9;4.41;Calle del Desengaño, 24;
55;Hotaru Madrid;696;4.8;4.4;Calle de Alcalá, 99;
56;Camino Sacramento;723;4.8;4.4;Calle Gran Vía Gourmet Experience Callao;
57;Asado Central;698;4.8;4.4;Calle de la Victoria, 12;
58;Toga;977;4.7;4.4;Calle Juanelo, 23;
59;Peppe Fusco The Italian;717;4.8;4.4;Calle de Fuencarral, 139;
60;La Taberna De Peñalver Cava Baja;939;4.7;4.4;Calle Cava Baja, 36;
61;Lola Si Mola;887;4.7;4.39;Calle de las Huertas, 55;
62;La Tasqueria de Javi Estevez;1295;4.6;4.39;Calle Modesto Lafuente, 82;
63;Sa Vida Wine Restaurant;1366;4.6;4.39;Calle Doctor Fleming, 51;
64;La Pizzateca;1281;4.6;4.39;Calle León, 35;
65;Maruzzella;1303;4.6;4.39;Calle Raimundo Fernandez Villaverde, 28;
66;La Cabaña Argentina;2623;4.5;4.39;Calle Ventura de la Vega, 10;
67;MU! El Placer de la Carne II;839;4.7;4.38;Calle de la Victoria, 12;
68;La Gaditana Retiro;522;4.9;4.38;Calle Doctor Castelo, 26;
69;Amordmadre;637;4.8;4.38;Calle Sierra de Palomeras, 40;
70;DiverXO;2223;4.5;4.38;Calle del Padre Damián, 23;
71;Bosque De Piamonte;481;4.9;4.37;Calle de Fuencarral, 86;
72;Steakburger Las Tablas;478;4.9;4.37;Calle Palas del Rey, 38;
73;Kausa Madrid 1;743;4.7;4.36;Calle de Bordadores, 5;
74;Bestial By Rosi La Loca;714;4.7;4.36;Calle del Prado, 4;
75;sr.Ito;1065;4.6;4.36;Calle Pelayo, 60;
76;Tacos & Tapas;714;4.7;4.36;Calle Redondilla, 7;
77;La Burbujería;429;4.9;4.35;Calle del Barco, 7;
78;Tinto Y Tapas Principe;1643;4.5;4.35;Calle Príncipe, 4;
79;Everest Tandoori Nepali-Indian Restaurant;983;4.6;4.35;Calle de Pegaso, 13;
80;Café Astral;441;4.9;4.35;Camino Viejo de Leganés, 82;
81;Kuoco 360 food;920;4.6;4.35;Calle Barquillo, 30;
82;SteakBurger Castellana 89;421;4.9;4.35;Paseo de la Castellana, 89;
83;Pizzeria Fratelli;662;4.7;4.35;Calle Quero, 83-85;
84;La berenjena;911;4.6;4.34;Calle Marqués de Toca, 7;
85;Angelita Madrid;858;4.6;4.34;Calle de la Reina, 4;
86;Casa Lucas;1437;4.5;4.34;Calle de la Cava Baja, 30;
87;Taberna la Concha;1434;4.5;4.34;Calle de la Cava Baja, 7;
88;Vinos de Bellota;895;4.6;4.34;Calle Antonio Acuña, 27;
89;Tapa Tapa Arenal;3836;4.4;4.34;Calle del Arenal, 15;
90;Almalibre Açaí House;388;4.9;4.33;Calle de la Libertad, 17;
91;Vinitus Gran Vía Madrid;841;4.6;4.33;Calle Gran Vía, 4;
92;Gandarío;583;4.7;4.33;Calle de Gaztambide, 28;
93;Matilda;795;4.6;4.33;Calle de Almadén, 15;
94;Arpit;606;4.7;4.33;Calle Maria Tubau, 19;
95;Bacira;1165;4.5;4.32;Calle del Castillo, 16;
96;Purnima Indian Restaurant;1218;4.5;4.32;Calle Goya, 110;
97;Casa Jaguar Madrid;748;4.6;4.32;Calle de los Caños del Peral, 9;
98;WelkhomeClub;448;4.8;4.32;Calle Monte Esquinza, 15;
99;Trattoria Malatesta;2177;4.4;4.31;Calle Colorelos, 5;
100;Restaurante Alabaster;1082;4.5;4.31;Calle Montalbán, 9;
101;The Market Madrid;506;4.7;4.31;;
102;Amicis;1018;4.5;4.31;;
103;Casa Benigna;1027;4.5;4.31;;
104;Tandoori Station;2126;4.4;4.31;;
105;Oven Mozzarella Bernabeu;393;4.8;4.3;;
106;Pizzart Villa Recoletos;389;4.8;4.3;;
107;DokiDOki;913;4.5;4.3;;
108;Taberna del Chato;1755;4.4;4.29;;
109;Bresca Lavapies;844;4.5;4.29;;
110;Miyama;865;4.5;4.29;;
111;Txirimiri Ferraz;861;4.5;4.29;;
112;Miyama Flor Baja;863;4.5;4.29;;
113;Casa Carola;890;4.5;4.29;;
114;Davanti Food & Market;432;4.7;4.29;;
115;Taberna el Arco;1672;4.4;4.29;;
116;Restaurante PAIPÁI;817;4.5;4.28;;
117;El Rincon del Cabo;395;4.7;4.28;;
118;Curry Masala;749;4.5;4.28;;
119;Tampu;788;4.5;4.28;;
120;Mesón Molinero;391;4.7;4.28;;
121;La Carbonera Madrid;403;4.7;4.28;;
122;Sazón-arte;331;4.8;4.28;;
123;Kaiten Sushi Madrid;521;4.6;4.28;;
124;Oliveto;397;4.7;4.28;;
125;Dans Le Noir ?;494;4.6;4.27;;
126;La Descarada;385;4.7;4.27;;
127;Radhuni Indian Restaurant;475;4.6;4.27;;
128;Coque;501;4.6;4.27;;
129;Cervecería La Mayor;476;4.6;4.27;;
130;StreetXO;4919;4.3;4.27;;
131;La Castela;1282;4.4;4.27;;
132;Corral de la Moreria;1208;4.4;4.27;;
133;La Hummuseria;657;4.5;4.26;;
134;El Camoati;618;4.5;4.26;;
135;Brunch Club Cafe;463;4.6;4.26;;
136;Alcaravea Gaztambide;640;4.5;4.26;;
137;Ático Restaurante & Terraza;1147;4.4;4.26;;
138;Valdivieso Cocina Con Alma;441;4.6;4.26;;
139;Restaurante Sal Negra;615;4.5;4.26;;
140;El Rey De Los Tacos;624;4.5;4.26;;
141;Araldo Pizzeria Madrazo;321;4.7;4.25;;
142;Decadente;547;4.5;4.25;;
143;Beytna Restaurante;321;4.7;4.25;;
144;Quispe Madrid;550;4.5;4.25;;
145;La Encomienda;588;4.5;4.25;;
146;Bangalore Modern Indian Cuisine;596;4.5;4.25;;
147;Vega;937;4.4;4.25;;
148;Vega Alamo;304;4.7;4.25;;
149;Indian Aroma;889;4.4;4.25;;
150;Brew Wild Pizza Bar;406;4.6;4.25;;
151;Ronda 14 Madrid;1003;4.4;4.25;;
152;Piccola Napoli;508;4.5;4.24;;
153;Mawey Taco Bar - Gran Vía;376;4.6;4.24;;
154;Dantxari;789;4.4;4.24;;
155;Casa Toni;882;4.4;4.24;;
156;Juana La Loca;2220;4.3;4.24;;
157;Bambúbox;797;4.4;4.24;;
158;Taberna Malaspina;2111;4.3;4.24;;
159;Latasia;496;4.5;4.24;;
160;El Brasero De Don Pedro;868;4.4;4.24;;
161;Arrocería D`stapa Madrid;500;4.5;4.24;;
162;La Sifonería;486;4.5;4.24;;
163;Los Porfiados;529;4.5;4.24;;
164;BLoved;502;4.5;4.24;;
165;Bayres beef Argentina en tapas;832;4.4;4.24;;
166;El Cogollo de la Descarga;701;4.4;4.23;;
167;Bodega de los Secretos;1864;4.3;4.23;;
168;Restaurante El Flaco;478;4.5;4.23;;
169;Okashi Sanda;472;4.5;4.23;;
170;Paco Roncero Restaurante;717;4.4;4.23;;
171;El Jardín del InterContinental;338;4.6;4.23;;
172;Restaurante Marina Ventura;1842;4.3;4.23;;
173;Restaurante Ogrelo;718;4.4;4.23;;
174;El Ponientazo;336;4.6;4.23;;
175;Taberna Degusta;441;4.5;4.23;;
176;Emma Cocina;681;4.4;4.23;;
177;PICCOLO DIAVOLO;715;4.4;4.23;;
178;La Manduca de Azagra;684;4.4;4.23;;
179;Casa San Juan;333;4.6;4.23;;
180;Derzu Bar;473;4.5;4.23;;
181;Restaurante Sagar;713;4.4;4.23;;
182;Restaurante Rias Bajas;741;4.4;4.23;;
183;Sichuan Restaurant;346;4.6;4.23;;
184;Naomi;766;4.4;4.23;;
185;Restaurante Younique Arts Club;667;4.4;4.22;;
186;Restaurante La Primera;1312;4.3;4.22;;
187;La Musa Malasaña;1297;4.3;4.22;;
188;Gaytán;309;4.6;4.22;;
189;El Rincon De Esteban;1446;4.3;4.22;;
190;Fiaschetteria La Saletta;309;4.6;4.22;;
191;Ramen Kagura;1320;4.3;4.22;;
192;Estancia La Adriana;598;4.4;4.22;;
193;SUKALDEA ATOTXA Madrid;397;4.5;4.22;;
194;99 Sushi Bar;598;4.4;4.22;;
195;Taberna El Alambique;384;4.5;4.22;;
196;Alma Cheli;625;4.4;4.22;;
197;Ciudad de Tui;1467;4.3;4.22;;
198;Cilindro;391;4.5;4.22;;
199;Zalacain;617;4.4;4.22;;
200;Taberna La Fragua de Vulcano;390;4.5;4.22;;
201;Mesón del Champiñón;1087;4.3;4.21;;
202;Clos Madrid;372;4.5;4.21;;
203;Murillo Café - Restaurante;1222;4.3;4.21;;
204;The Irish Temple;344;4.5;4.21;;
205;Tras os montes;340;4.5;4.21;;
206;Flavia Restaurant & Bar;1070;4.3;4.21;;
207;Casa Macareno;529;4.4;4.21;;
208;Restaurante Lakasa;1183;4.3;4.21;;
209;Havana Blues;341;4.5;4.21;;
210;Nakeima Dumpling Bar;523;4.4;4.21;;
211;99 Sushi Bar - Padre Damian;545;4.4;4.21;;
212;Vinoteca Garcia de la Navarra;564;4.4;4.21;;
213;Restaurante El Landó;530;4.4;4.21;;
214;La Chamana;355;4.5;4.21;;
215;Asador Nuevo Porche;358;4.5;4.21;;
216;Arahy;552;4.4;4.21;;
217;La Piccola Trattoria;354;4.5;4.21;;
218;El Trébol 1983 Pizzas y Empanadas;510;4.4;4.21;;
219;Taberna & Media;380;4.5;4.21;;
220;Abaceria Tapas Lambuzo Conchas;476;4.4;4.2;;
221;A Vánvera;456;4.4;4.2;;
222;Mawey Taco Bar - Olid;319;4.5;4.2;;
223;Pajaritos Mojados;334;4.5;4.2;;
224;Chocolat Madrid;902;4.3;4.2;;
225;Bakan Madrid;310;4.5;4.2;;
226;La Sanabresa;1044;4.3;4.2;;
227;La Paloma;310;4.5;4.2;;
228;Il Pizzaiolo;970;4.3;4.2;;
229;Restaurante De María - Felíx Boix;891;4.3;4.2;;
230;El Mirador Del Goloso;465;4.4;4.2;;
231;izakaya Han;480;4.4;4.2;;
232;KABUKI WELLINGTON SL;997;4.3;4.2;;
233;Taberna Maldeamores;335;4.5;4.2;;
234;Doli Indian Restaurant;456;4.4;4.2;;
235;La Piperna;485;4.4;4.2;;
236;Triana;835;4.3;4.19;;
237;La Rollerie- Calle Mayor;788;4.3;4.19;;
238;La Taberna De Moncloa;406;4.4;4.19;;
239;Gioia;416;4.4;4.19;;
240;La Vaca y la Huerta;422;4.4;4.19;;
241;O`pulpo;386;4.4;4.19;;
242;Gustos Madrid;766;4.3;4.19;;
243;Cantina 33;422;4.4;4.19;;
244;Taberna Laredo;793;4.3;4.19;;
245;L´Artisan Furansu Kitchen;385;4.4;4.19;;
246;Verdejo;418;4.4;4.19;;
247;Kabuki;733;4.3;4.19;;
248;Restaurante El Picaporte;423;4.4;4.19;;
249;Taberna Rayuela;417;4.4;4.19;;
250;Vietnam Restaurante 2013 de Letras;769;4.3;4.19;;
251;Las Tortillas De Gabino;839;4.3;4.19;;
252;Le Qualitè Tasca;378;4.4;4.19;;
253;De Maria - Calle Hortaleza;394;4.4;4.19;;
254;Lamiak;385;4.4;4.19;;
255;El Viejo Almacen De Buenos Aires;774;4.3;4.19;;
256;Nuria Restaurante Etiope;783;4.3;4.19;;
257;Dudua Palacio;774;4.3;4.19;;
258;La monteria;745;4.3;4.19;;
259;Taberna del Colono;388;4.4;4.19;;
260;Casa González;567;4.3;4.18;;
261;B13;339;4.4;4.18;;
262;Baco y Beto;340;4.4;4.18;;
263;Los Chuchis Bar;346;4.4;4.18;;
264;O'Pazo;644;4.3;4.18;;
265;La Catapa;664;4.3;4.18;;
266;Restaurante Gala;328;4.4;4.18;;
267;Restaurante Lúbora;320;4.4;4.18;;
268;Restaurante Volvoreta;693;4.3;4.18;;
269;Asador Avelino;321;4.4;4.18;;
270;Bar Melo's Lavapiés;591;4.3;4.18;;
271;Foodtruck;608;4.3;4.18;;
272;Ouh...Babbo!;692;4.3;4.18;;
273;Burnout Burgers;649;4.3;4.18;;
274;Chuka;587;4.3;4.18;;
275;La Ancha De Príncipe De Vergara;601;4.3;4.18;;
276;Carta Marina;338;4.4;4.18;;
277;Restaurante Moharaj;526;4.3;4.17;;
278;Yokaloka;563;4.3;4.17;;
279;El Fogon De Trifon;312;4.4;4.17;;
280;Restaurante Luxury;547;4.3;4.17;;
281;El Pimiento Verde - La Taberna;553;4.3;4.17;;
282;Venta El Buscón;1930;4.2;4.17;;
283;La Perejila;515;4.3;4.17;;
284;Kitchen 154 (Vallehermoso);484;4.3;4.17;;
285;East 47;478;4.3;4.17;;
286;A’Barra;560;4.3;4.17;;
287;Sacha;562;4.3;4.17;;
288;Art & Sushi;306;4.4;4.17;;
289;Ferretería Restaurante;492;4.3;4.17;;
290;El Montero de Cazorla;309;4.4;4.17;;
291;Palacio de Anglona;559;4.3;4.17;;
292;Casa Paco;471;4.3;4.17;;
293;Fathe Pur;456;4.3;4.17;;
294;Alcaravea;539;4.3;4.17;;
295;La Cúpula Restaurant & Bar;553;4.3;4.17;;
296;Fatigas del Querer;1572;4.2;4.16;;
297;El Buey;372;4.3;4.16;;
298;Viandas;427;4.3;4.16;;
299;La Pulpería De Victoria;1374;4.2;4.16;;
300;Cazorla;379;4.3;4.16;;
301;Ochenta Grados Malasaña;1507;4.2;4.16;;
302;Marcano;395;4.3;4.16;;
303;Posada De La Villa;1336;4.2;4.16;;
304;Superchulo;1509;4.2;4.16;;
305;Alimentacion Quiroga;398;4.3;4.16;;
306;La Esquina del Real;359;4.3;4.16;;
307;Barrutia y El 9;435;4.3;4.16;;
308;Yugo the Bunker;365;4.3;4.16;;
309;AskuaBarra;438;4.3;4.16;;
310;Restaurante Lua;1196;4.2;4.16;;
311;Maye's Bistro;396;4.3;4.16;;
312;El Jardin de Orfila by Mario Sandoval;394;4.3;4.16;;
313;Ganz Wine Bar;432;4.3;4.16;;
314;Parrilla El Gaucho;1205;4.2;4.16;;
315;Ribeira Do Miño;1459;4.2;4.16;;
316;Passaparola L´Originale;302;4.3;4.15;;
317;Restaurante Casa Gallega;898;4.2;4.15;;
318;La Antoñita;770;4.2;4.15;;
319;La Bien Aparecida;1103;4.2;4.15;;
320;Prep' La Crêpe;340;4.3;4.15;;
321;L'Albufera Restaurante;984;4.2;4.15;;
322;Sushita Cafe;1069;4.2;4.15;;
323;Taberna del Capitan Alatriste;833;4.2;4.15;;
324;Taberna Cosme;349;4.3;4.15;;
325;Buenas y Santas;303;4.3;4.15;;
326;Trattoria La Tavernetta;341;4.3;4.15;;
327;Hermanos Ordas;311;4.3;4.15;;
328;Restaurante La Vanduca;354;4.3;4.15;;
329;Hache Restaurante;348;4.3;4.15;;
330;Txakolina Cava Baja;1010;4.2;4.15;;
331;Urrechu Velázquez;347;4.3;4.15;;
332;Fratelli d'Italia Chueca;301;4.3;4.15;;
333;Casa Pedro;353;4.3;4.15;;
334;Goiko - General Peron 16;567;4.2;4.14;;
335;Pink Monkey;697;4.2;4.14;;
336;Ristorante Reginella;698;4.2;4.14;;
337;Mad Grill;521;4.2;4.14;;
338;Pui's Thai tapas;588;4.2;4.14;;
339;Asador Guetaria;695;4.2;4.14;;
340;La Castafiore;698;4.2;4.14;;
341;Roostiq;624;4.2;4.14;;
342;Umiko;550;4.2;4.14;;
343;La Raquetista;599;4.2;4.14;;
344;Yerbabuena;722;4.2;4.14;;
345;Café Del Rey;610;4.2;4.14;;
346;Musashi;519;4.2;4.14;;
347;Jarritus Madrid Cerveceria;599;4.2;4.14;;
348;Cachivache;665;4.2;4.14;;
349;Inti De Oro Madrid Centro;625;4.2;4.14;;
350;Entre Suspiro y Suspiro;489;4.2;4.13;;
351;Rocacho;433;4.2;4.13;;
352;Orgaz;420;4.2;4.13;;
353;desengaño13;460;4.2;4.13;;
354;Solo De Croquetas;491;4.2;4.13;;
355;Taberna la Descubierta;347;4.2;4.13;;
356;Deatún Ponzano;442;4.2;4.13;;
357;Parrilla el Barril;310;4.2;4.13;;
358;Cuando Sali de Cuba;393;4.2;4.13;;
359;La Mano de Pablo;424;4.2;4.13;;
360;Castelados;351;4.2;4.13;;
361;Charrua Madrid;347;4.2;4.13;;
362;Arallo Taberna Madrid;387;4.2;4.13;;
363;Amparito Roca;379;4.2;4.13;;
364;Santerra Restaurante;390;4.2;4.13;;
365;Massart Pizza - Moncloa;445;4.2;4.13;;
366;Restaurante Solidere;435;4.2;4.13;;
367;RESTAURANTE BRASAYLEÑA C.C. LA VAGUADA;305;4.2;4.13;;
368;La Cruzada;369;4.2;4.13;;
369;Bodegas Melibea;414;4.2;4.13;;
370;Restaurante El Senador;457;4.2;4.13;;
371;Restaurante Korea;389;4.2;4.13;;
372;Surtopía;468;4.2;4.13;;
373;Beefcious;491;4.2;4.13;;
374;Restaurante El Cocinillas;354;4.2;4.13;;
375;La Carboneria;367;4.2;4.13;;
376;Honest Greens Hortaleza;434;4.2;4.13;;
377;Restaurante Libanes Fairuz;373;4.2;4.13;;
378;Restaurante Casa Salvador;466;4.2;4.13;;
379;Casa Fonzo;393;4.2;4.13;;
380;Swagat Restaurante Indio;311;4.2;4.13;;
381;L'Abbraccio;316;4.2;4.13;;
382;El Barril De Las Cortes;472;4.2;4.13;;
383;Casa Julián;384;4.2;4.13;;
384;La Entretenida;408;4.2;4.13;;
385;Oter Epicure;419;4.2;4.13;;
386;Larumbe;463;4.1;4.1;;
387;Lamian;312;4.1;4.1;;
388;Naia;725;4.1;4.1;;
389;La huerta de Tudela;686;4.1;4.1;;
390;New York Burger Castellana;711;4.1;4.1;;
391;Mercato Ballaró;419;4.1;4.1;;
392;New York Burger Recoletos;712;4.1;4.1;;
393;MALDONADO 14;319;4.1;4.1;;
394;Madrid Madriz;505;4.1;4.1;;
395;Las Nubes Market El Corte Ingles;976;4.1;4.1;;
396;La Rollerie;1443;4.1;4.1;;
397;Ochenta Grados Las Tablas;1513;4.1;4.1;;
398;Mercado de la Reina 12;2743;4.1;4.1;;
399;Serafina Cocina Bar;774;4.1;4.1;;
400;La Pescadería (Ballesta);1666;4.1;4.1;;
401;Taberna Alhambra;2077;4.1;4.1;;
402;El Anciano Rey de los Vinos;519;4.1;4.1;;
403;Diurno Restaurante & Bar;1337;4.1;4.1;;
404;Tablao Flamenco 1911;918;4.1;4.1;;
405;Tablao Flamenco Cardamomo;305;4.1;4.1;;
406;Tandem;356;4.1;4.1;;
407;Tapa Tapa Santa Ana;838;4.1;4.1;;
408;Con Amor;492;4.1;4.1;;
409;The Hat Rooftop Madrid;406;4.1;4.1;;
410;Chiquito Riz;352;4.1;4.1;;
411;Chic Sushi;333;4.1;4.1;;
412;Cerveceria Cervantes;1021;4.1;4.1;;
413;Casa Narcisa;366;4.1;4.1;;
414;Casa Marius;461;4.1;4.1;;
415;Casa Labra;2875;4.1;4.1;;
416;Treze;412;4.1;4.1;;
417;Casa Dani;890;4.1;4.1;;
418;Casa Alberto;1671;4.1;4.1;;
419;Carús;520;4.1;4.1;;
420;Bump Green;587;4.1;4.1;;
421;Vi Cool;1084;4.1;4.1;;
422;Bolivar;372;4.1;4.1;;
423;Benares Madrid;680;4.1;4.1;;
424;Babel;529;4.1;4.1;;
425;Zerain;501;4.1;4.1;;
426;Asador Pelotari;457;4.1;4.1;;
427;Asador Casa Juan;1822;4.1;4.1;;
428;dNorte;410;4.1;4.1;;
429;Artemisa Sol - Huertas;645;4.1;4.1;;
430;kappo;380;4.1;4.1;;
431;El Barril de las Letras;1204;4.1;4.1;;
432;Donzoko;431;4.1;4.1;;
433;El Cucurucho del Mar;665;4.1;4.1;;
434;La Cuchara;363;4.1;4.1;;
435;Koldovinia Taberna Vasca;426;4.1;4.1;;
436;El Neru;1177;4.1;4.1;;
437;KultO;704;4.1;4.1;;
438;Restaurante Casa Amadeo los Caracoles;458;4.1;4.1;;
439;Restaurante Arrabal;467;4.1;4.1;;
440;Rasputin;311;4.1;4.1;;
441;La Descubierta;518;4.1;4.1;;
442;Juan Raro;305;4.1;4.1;;
443;La Fragua de Sebin;504;4.1;4.1;;
444;La Gamella;352;4.1;4.1;;
445;Prada a Tope;573;4.1;4.1;;
446;La Mafia se sienta a la mesa plaza Colon;752;4.1;4.1;;
447;Platea Madrid;3998;4.1;4.1;;
448;La Musa Latina;986;4.1;4.1;;
449;Restaurante La Dominga;361;4.1;4.1;;
450;Restaurante Kechua;338;4.1;4.1;;
451;James Joyce Irish Pub;688;4.1;4.1;;
452;Restaurante Puerto Rico;952;4.1;4.1;;
453;El Pimiento Verde - Castelló;710;4.1;4.1;;
454;El Pimiento Verde - Quintana;941;4.1;4.1;;
455;Shanghai Mama;302;4.1;4.1;;
456;Saona Balboa;660;4.1;4.1;;
457;Sa Brisa;307;4.1;4.1;;
458;Malacatin;1282;4.1;4.1;;
459;Goiko - Santa Engracia 157;455;4.1;4.1;;
460;Cuarto y Mitad;327;4.0;4.08;;
461;Erre Que Erre La Latina;332;4.0;4.08;;
462;Jurucha;316;4.0;4.08;;
463;Yoshi Sushi & More;300;4.0;4.08;;
464;Il Pastaio;328;4.0;4.08;;
465;Tasca La Farmacia;426;4.0;4.07;;
466;Tuk Tuk Asian Street Food Cisneros;473;4.0;4.07;;
467;Tse-Yang;421;4.0;4.07;;
468;Taste Of India;355;4.0;4.07;;
469;Pazo Coruña;426;4.0;4.07;;
470;arce restaurante;383;4.0;4.07;;
471;Taberna Tempranillo;461;4.0;4.07;;
472;Pisco41;344;4.0;4.07;;
473;Picsa Madrid;510;4.0;4.07;;
474;Villa Verbena;381;4.0;4.07;;
475;Órale Un Pedacito;351;4.0;4.07;;
476;El Respiro;373;4.0;4.07;;
477;Comete Mexico;388;4.0;4.07;;
478;Green Tea Sushi & Cocktail - Hotel the Westin Palace;404;4.0;4.07;;
479;BARBILLON Oyster;334;4.0;4.07;;
480;La Rollerie Carrera de San Jerónimo;499;4.0;4.07;;
481;La Tintorería;396;4.0;4.07;;
482;La Charca Taberna;411;4.0;4.07;;
483;El Recuerdo;358;4.0;4.07;;
484;La mafia se sienta a la mesa 4 Torres;389;4.0;4.07;;
485;El Jamón y El Churrasco;339;4.0;4.07;;
486;Artemisa Sol-Gran Via;401;4.0;4.07;;
487;El Corte Ingles;449;4.0;4.07;;
488;Luna Rossa Ristorante Pizzeria;436;4.0;4.07;;
489;Bendita Locura Coffee & Dreams;490;4.0;4.07;;
490;Los Secretos de Lola;522;4.0;4.07;;
491;Ikigai;427;4.0;4.07;;
492;La Máquina Original;645;4.0;4.06;;
493;Tuk Tuk Asian Street Food Chueca;657;4.0;4.06;;
494;Lamucca de Serrano;557;4.0;4.06;;
495;Asador de Aranda;648;4.0;4.06;;
496;Asador Real;742;4.0;4.06;;
497;O Pazo de Lugo;533;4.0;4.06;;
498;Cafe Varela;715;4.0;4.06;;
499;Restaurante Asgaya;554;4.0;4.06;;
500;Cafeteria HD;700;4.0;4.06;;
501;Vaca Nostra;589;4.0;4.06;;
502;La Canica Madrid;695;4.0;4.06;;
503;Royal Cantonés;537;4.0;4.06;;
504;En Busca Del Tiempo;595;4.0;4.06;;
505;El Rincon De Jaen V;662;4.0;4.06;;
506;El Lacon;564;4.0;4.06;;
507;Sushita Café - Miguel Ángel;664;4.0;4.06;;
508;Couzapin;684;4.0;4.06;;
509;El Barril de Goya;555;4.0;4.06;;
510;Dionisos Huertas;668;4.0;4.06;;
511;Zielou;734;4.0;4.06;;
512;De Maria Preciados;712;4.0;4.06;;
513;Museo Chicote;689;4.0;4.06;;
514;Mercado de la Reina 10;556;4.0;4.06;;
515;Anel Tapas;626;4.0;4.06;;
516;La Jauría;352;3.9;4.05;;
517;Maricastana Bar & Kitchen;925;4.0;4.05;;
518;La manduca;304;3.9;4.05;;
519;Fismuler;1157;4.0;4.05;;
520;Rafa;330;3.9;4.05;;
521;Rubaiyat Madrid;1110;4.0;4.05;;
522;La Tagliatella C/Alcalá, Madrid;347;3.9;4.05;;
523;Terramundi;978;4.0;4.05;;
524;El Hombre Pez;305;3.9;4.05;;
525;Chifa Comedor;352;3.9;4.05;;
526;Bar Galleta;1096;4.0;4.05;;
527;La Pagoda;338;3.9;4.05;;
528;MEAT;300;3.9;4.05;;
529;El Meson de Fuencarral;310;3.9;4.05;;
530;Wao Foods;302;3.9;4.05;;
531;Macarela;358;3.9;4.05;;
532;La Misión;346;3.9;4.05;;
533;Pizzeria Fratelli Figurato;350;3.9;4.05;;
534;La Mordida Retiro;307;3.9;4.05;;
535;Lamucca de Almagro;987;4.0;4.05;;
536;Piu di Prima;341;3.9;4.05;;
537;Fuku;318;3.9;4.05;;
538;Taberna El Fontán;347;3.9;4.05;;
539;Restaurante La Trainera;837;4.0;4.05;;
540;Latxaska Etxea;309;3.9;4.05;;
541;Casa Hortensia Restaurante & Sidrería;1067;4.0;4.05;;
542;Café Viena;314;3.9;4.05;;
543;Goiko Gluten Free;1423;4.0;4.04;;
544;Asador Donostiarra;1521;4.0;4.04;;
545;Ópera Victoria Restaurante;427;3.9;4.04;;
546;Madame Sushita;460;3.9;4.04;;
547;Distrito 798;463;3.9;4.04;;
548;TriCiclo;1523;4.0;4.04;;
549;Con Dos Fogones;398;3.9;4.04;;
550;Sagardi Castellana;404;3.9;4.04;;
551;La Penela;457;3.9;4.04;;
552;El 17 de Moreto;438;3.9;4.04;;
553;MACAO Príncipe;417;3.9;4.04;;
554;Camino;417;3.9;4.04;;
555;Makkila;438;3.9;4.04;;
556;La Giralda;396;3.9;4.04;;
557;Senza Glutine di Grosso Napoletano;411;3.9;4.04;;
558;Restaurante El Ninot;319;3.8;4.03;;
559;La Cantina;581;3.9;4.03;;
560;RESTAURANTE BRASAYLEÑA C.C. PLENILUNIO;538;3.9;4.03;;
561;Restaurante Peruano Mis Tradiciones;308;3.8;4.03;;
562;Restaurante Sexto;321;3.8;4.03;;
563;SELFIE restaurante Madrid;301;3.8;4.03;;
564;Casa Julio;532;3.9;4.03;;
565;Restaurante El Madroño;310;3.8;4.03;;
566;Emma y Julia;562;3.9;4.03;;
567;La Cocina de Maria Luisa;302;3.8;4.03;;
568;Krachai;551;3.9;4.03;;
569;Sala de Despiece;2052;4.0;4.03;;
570;Casa Nemesio;486;3.9;4.03;;
571;Taberna del Alabardero;554;3.9;4.03;;
572;Los Galayos;1889;4.0;4.03;;
573;El Bund Restaurante;528;3.9;4.03;;
574;Aroy Thai;306;3.8;4.03;;
575;Lamucca De Prado;2045;4.0;4.03;;
576;Asia Gallery;523;3.9;4.03;;
577;Monsieur Sushita;302;3.8;4.03;;
578;Azotea del Círculo;2135;4.0;4.03;;
579;Ocafú Taberna Gallega;508;3.9;4.03;;
580;Yakitoro Castellana;2279;4.0;4.03;;
581;Ten Con Ten;4774;4.0;4.02;;
582;Totò E Peppino;346;3.8;4.02;;
583;Goiko - Princesa 26;665;3.9;4.02;;
584;Restaurante Vivares;713;3.9;4.02;;
585;Meson de la Tortilla;376;3.8;4.02;;
586;La Mordida Belén;615;3.9;4.02;;
587;Miss Sushi Santa Ana;655;3.9;4.02;;
588;GOFIO;597;3.9;4.02;;
589;Taqueria La Lupita Villanueva;703;3.9;4.02;;
590;Descaro Restaurante;343;3.8;4.02;;
591;Julian de Tolosa;649;3.9;4.02;;
592;Restaurante Mercado de Ibiza;358;3.8;4.02;;
593;Cuevas El Secreto;364;3.8;4.02;;
594;O'Caldino;623;3.9;4.02;;
595;Ganges;338;3.8;4.02;;
596;Materia Prima;337;3.8;4.02;;
597;Arima Basque Gastronomy;329;3.8;4.02;;
598;Enotaberna del Leon de Oro;381;3.8;4.02;;
599;La Pulpería de Mila;327;3.8;4.02;;
600;Panela & Co;365;3.8;4.02;;
601;Zoko Retiro;418;3.8;4.01;;
602;Al Punto;443;3.8;4.01;;
603;Goiko Prado 15;444;3.8;4.01;;
604;Jose Luis Serrano;427;3.8;4.01;;
605;Restaurante Botín;12586;4.0;4.01;;
606;UDON Sol;426;3.8;4.01;;
607;Mestizo;407;3.8;4.01;;
608;Taberna Almendro 13;737;3.9;4.01;;
609;Mr Frank;442;3.8;4.01;;
610;La Vinoteca;719;3.9;4.01;;
611;Tepic;745;3.9;4.01;;
612;Miss Sushi Serrano;397;3.8;4.01;;
613;Taberna La Dolores;886;3.9;4.0;;
614;Dani Brasserie;465;3.8;4.0;;
615;Delia Restaurant;1010;3.9;4.0;;
616;El Telegrafo;481;3.8;4.0;;
617;El Escondite de Villanueva;342;3.7;4.0;;
618;Docamar;958;3.9;4.0;;
619;Saigon Music & Lunch;481;3.8;4.0;;
620;Restaurante Terraza Malvar;322;3.7;4.0;;
621;Taquería Mi Ciudad;493;3.8;4.0;;
622;Taberna El Buo La Latina;342;3.7;4.0;;
623;NAP Lavapies;473;3.8;4.0;;
624;Taj;328;3.7;4.0;;
625;ORIO Fuencarral;1049;3.9;4.0;;
626;Lamucca del Carmen;1030;3.9;4.0;;
627;Mesón Txistu;1057;3.9;4.0;;
628;Lamucca de Fuencarral;460;3.8;4.0;;
629;La Tagliatella C/Poeta Joan Maragall, Madrid;310;3.7;4.0;;
630;Las Mananitas;309;3.7;4.0;;
631;Loreto Coffee Bar;305;3.7;4.0;;
632;Bel Mondo;1064;3.9;4.0;;
633;El Tigre Sidra Bar;357;3.7;3.99;;
634;Restaurante Al Mounia;529;3.8;3.99;;
635;Portobello (Rosario Pino);368;3.7;3.99;;
636;Bentley´s Alcala;374;3.7;3.99;;
637;Tapaspaña;375;3.7;3.99;;
638;El Buda Feliz;550;3.8;3.99;;
639;La Oreja de Jaime;565;3.8;3.99;;
640;La Tape;548;3.8;3.99;;
641;Maddock Madrid;364;3.7;3.99;;
642;Trattoria Pinocchio;536;3.8;3.99;;
643;Majaderitos;369;3.7;3.99;;
644;Matute;385;3.7;3.99;;
645;Jimbo Smokehouse;375;3.7;3.99;;
646;Goiko - Conde de Peñalver;656;3.8;3.98;;
647;Taberna La Pompeyana;603;3.8;3.98;;
648;Gran Clavel;421;3.7;3.98;;
649;EL INVERNADERO DE SALVADOR BACHILLER;682;3.8;3.98;;
650;El Pescador;649;3.8;3.98;;
651;Taberna Antonio Sánchez;408;3.7;3.98;;
652;El Circo de las Tapas;392;3.7;3.98;;
653;Ojala;1432;3.9;3.98;;
654;Florida Park;1508;3.9;3.98;;
655;Taberna Pedraza;603;3.8;3.98;;
656;Villa Capri;411;3.7;3.98;;
657;Kintaro;313;3.6;3.98;;
658;Ocafú Taberna Gallega;351;3.6;3.97;;
659;El 3 de Galdós;473;3.7;3.97;;
660;Brasayleña CC Islazul;339;3.6;3.97;;
661;El Café de La Ópera;719;3.8;3.97;;
662;Txapela Gran Via;1730;3.9;3.97;;
663;Hamburguesa Nostra;367;3.6;3.96;;
664;La Maruca;2313;3.9;3.96;;
665;La Platería;868;3.8;3.96;;
666;Dionisos Figueroa;543;3.7;3.96;;
667;NuBel;888;3.8;3.96;;
668;Tapa Tapa Cubos;303;3.5;3.96;;
669;Che Asador Argentino (C.C. Plenilunio);527;3.7;3.96;;
670;Lamucca de Pez;2122;3.9;3.96;;
671;Miss Sushi Hortaleza;378;3.6;3.96;;
672;Bodegas Rosell;837;3.8;3.96;;
673;Fass;300;3.5;3.96;;
674;La Jefa Home Bar;565;3.7;3.95;;
675;El Qüenco de Pepa;957;3.8;3.95;;
676;El Gamo;412;3.6;3.95;;
677;Alfredo's Barbacoa;1013;3.8;3.95;;
678;El Lugar de Martina;332;3.5;3.95;;
679;Oishii  Sushi & Ramen Madrid;332;3.5;3.95;;
680;Luzi Bombon;1016;3.8;3.95;;
681;Tatel Madrid;3174;3.9;3.95;;
682;El cisne azul;604;3.7;3.95;;
683;BiBo Madrid;2591;3.9;3.95;;
684;Makkila Fernando Vi;602;3.7;3.95;;
685;Donde Mónica;423;3.6;3.95;;
686;St. James;552;3.7;3.95;;
687;Dibocca;659;3.7;3.94;;
688;Raimunda;630;3.7;3.94;;
689;Restaurante Casa de Valencia;671;3.7;3.94;;
690;El Imparcial;1138;3.8;3.94;;
691;Restaurante Casa Lucio;4475;3.9;3.94;;
692;Clarita;674;3.7;3.94;;
693;La Barraca;3630;3.9;3.94;;
694;Aynaelda;640;3.7;3.94;;
695;Sumo;354;3.5;3.94;;
696;O Cacho do Jose;445;3.6;3.94;;
697;Sagaretxe;618;3.7;3.94;;
698;Goiko - Glorieta de Bilbao 3;1079;3.8;3.94;;
699;La Tagliatella Goya, Madrid;506;3.6;3.93;;
700;Casa Pepe;390;3.5;3.93;;
701;Fellina;481;3.6;3.93;;
702;Restaurante Mama Campo;684;3.7;3.93;;
703;Yakitoro Reina;5594;3.9;3.93;;
704;Carlos Tartiere Sidreria;497;3.6;3.93;;
705;Carl's JR;307;3.4;3.93;;
706;El Urogallo;735;3.7;3.93;;
707;El Botanico;499;3.6;3.93;;
708;Leña Madrid. Las Brasas X Dani García;368;3.5;3.93;;
709;Roll Madrid;383;3.5;3.93;;
710;SUMO Fuencarral;742;3.7;3.93;;
711;Lateral;1379;3.8;3.92;;
712;Museo del Jamon;8017;3.9;3.92;;
713;caffeteria museo Thyssen Bornemisza;408;3.5;3.92;;
714;Revoltosa;424;3.5;3.92;;
715;Rita Sibarita;398;3.5;3.92;;
716;El Rey de Tallarines;333;3.4;3.92;;
717;UDON Chueca;406;3.5;3.92;;
718;Portomarin;339;3.4;3.92;;
719;Beef Place A.Soria;302;3.3;3.91;;
720;Grosso Napoletano;854;3.7;3.91;;
721;Tommy Mel's;874;3.7;3.91;;
722;Nice To Meet You Restaurant & Lounge;581;3.6;3.91;;
723;Celso y Manolo;882;3.7;3.91;;
724;Cerveceria Alemana;874;3.7;3.91;;
725;Cruz Blanca Vallecas;608;3.6;3.91;;
726;Restaurante La Buganvilla Madrid;359;3.4;3.91;;
727;La Madreña Bronce;369;3.4;3.91;;
728;El Perro Y La Galleta - Restaurante Retiro;1555;3.8;3.91;;
729;La Negra Tomasa;851;3.7;3.91;;
730;El Urogallo - Casa de Campo;633;3.6;3.9;;
731;La Máquina Chamberí;962;3.7;3.9;;
732;Küche;625;3.6;3.9;;
733;Taberna La Buha Chueca;493;3.5;3.9;;
734;Casa Ciriaco;375;3.4;3.9;;
735;La Botillería;395;3.4;3.9;;
736;El Jamon de Gran Via;620;3.6;3.9;;
737;Cafe El Diario;620;3.6;3.9;;
738;Bienmesabe;497;3.5;3.9;;
739;Los Rotos;632;3.6;3.9;;
740;Taberna de la Daniela;638;3.6;3.9;;
741;Bocaíto;395;3.4;3.9;;
742;The Knife Arturo Soria;533;3.5;3.89;;
743;Thai Arturo Soria;1024;3.7;3.89;;
744;Makkila Serrano;679;3.6;3.89;;
745;La Panza Es Primero;528;3.5;3.89;;
746;Mérimée;706;3.6;3.89;;
747;Edelweiss;416;3.4;3.89;;
748;Lateral Fuencarral;1067;3.7;3.89;;
749;La Carmela;2109;3.8;3.89;;
750;Lateral -  Santa Ana;2382;3.8;3.89;;
751;La Tasquita de Enfrente;693;3.6;3.89;;
752;Federal Cafe;1079;3.7;3.89;;
753;Don Giovanni;1034;3.7;3.89;;
754;La Máquina;1137;3.7;3.88;;
755;Restaurante El Viejo Madrid;439;3.4;3.88;;
756;Public;1215;3.7;3.88;;
757;Taberna los Gallos;1146;3.7;3.88;;
758;La Paella Real;541;3.5;3.88;;
759;Patio de Leones;363;3.3;3.88;;
760;arroceria el pato mudo;454;3.4;3.88;;
761;Los Gatos;771;3.6;3.88;;
762;Restaurante Filandon;2579;3.8;3.88;;
763;La Taurina;564;3.5;3.88;;
764;Taqueria del Alamillo;732;3.6;3.88;;
765;Doña Tecla;433;3.4;3.88;;
766;Entre Caceres y Badajoz;548;3.5;3.88;;
767;Restaurante Ana la Santa;1266;3.7;3.87;;
768;la Taperia del Prado;577;3.5;3.87;;
769;Restaurante MasterChef;789;3.6;3.87;;
770;El Madrono;502;3.4;3.86;;
771;Botania;498;3.4;3.86;;
772;La Gloria de Montera;1504;3.7;3.86;;
773;Restaurante Arroceria Puerta de Atocha;419;3.3;3.86;;
774;La Torre del Oro;412;3.3;3.86;;
775;La Caña;488;3.4;3.86;;
776;Picalagartos Azotea Restaurant & Bar;667;3.5;3.85;;
777;Taquería La Condesa - Gracias Padre;424;3.3;3.85;;
778;Mirador del Arco de Cuchilleros;434;3.3;3.85;;
779;Ramses Madrid;1567;3.7;3.85;;
780;Meson Rincon de la Cava;532;3.4;3.85;;
781;La Gran Pulpería;1529;3.7;3.85;;
782;Casa Suecia;677;3.5;3.85;;
783;Ginkgo Restaurante & Sky Bar;1003;3.6;3.84;;
784;Ginos;388;3.2;3.84;;
785;O' Valiño;1010;3.6;3.84;;
786;LATERAL Arturo Soria;571;3.4;3.84;;
787;La Taberna los Huevos de Lucio;1881;3.7;3.84;;
788;El Escarpin;716;3.5;3.84;;
789;SLVJ Madrid Restaurante;463;3.3;3.84;;
790;La Esquina de San Miguel;455;3.3;3.84;;
791;Pipa & Co;1000;3.6;3.84;;
792;La Morenilla Casa de Antojos;715;3.5;3.84;;
793;Restaurante el Príncipe Parrilla;588;3.4;3.83;;
794;Zen Asian Supper Club;1119;3.6;3.83;;
795;Frida;814;3.5;3.82;;
796;Marisquería La Chalana;1270;3.6;3.82;;
797;Fortuny Home Club;505;3.3;3.82;;
798;La Catedral;1240;3.6;3.82;;
799;Lhardy;1324;3.6;3.81;;
800;Restaurante Bar Tomate;1274;3.6;3.81;;
801;Saporem Ventura;875;3.5;3.81;;
802;Restaurante Ultramarinos Quintin;2643;3.7;3.81;;
803;Cristina Oria;563;3.3;3.8;;
804;Taberna La Tía Cebolla;736;3.4;3.8;;
805;El Caldero;948;3.5;3.8;;
806;Lateral - Castellana 42;594;3.3;3.79;;
807;Restaurante Amazonico;3901;3.7;3.78;;
808;Bosco de Lobos;1159;3.5;3.77;;
809;Tony Roma's;420;3.0;3.77;;
810;La Paella de la Reina 39;1894;3.6;3.77;;
811;Marieta;1938;3.6;3.77;;
812;Casa Mono;880;3.4;3.77;;
813;Casa Carmen Arturo Soria;703;3.3;3.76;;
814;La Finca de Susana;2178;3.6;3.75;;
815;El Jardín de Arzábal;1352;3.5;3.75;;
816;Tapa Tapa Montera;2159;3.6;3.75;;
817;Jardín Secreto Salvador Bachiller;1454;3.5;3.74;;
818;La Bola;2771;3.6;3.73;;
819;Hattori Hanzo;1547;3.5;3.73;;
820;Arzabal Retiro;1102;3.4;3.73;;
821;La Casa Del Abuelo Victoria;1824;3.5;3.71;;
822;La Pecera del Circulo;894;3.3;3.71;;
823;Bazaar;1957;3.5;3.7;;
824;Numa Pompilio Restaurante;1278;3.4;3.7;;
825;Restaurante Atrapallada;563;3.0;3.69;;
826;La Buha La Latina;1051;3.3;3.68;;
827;Las Bravas;834;3.2;3.68;;
828;Taberna Maceira;1529;3.4;3.67;;
829;Habanera;2156;3.4;3.62;;
830;Restaurante Ginger;2260;3.4;3.61;;
831;Estado Puro;1307;3.2;3.58;;
832;Perrachica;3281;3.4;3.56;;
833;Pizza Emporio Serrano Madrid;1190;3.0;3.49;;