web_scraper_order,web_scraper_start_url,data,data2,data3,data5,data6,data7,data8,data9,data10,data11,data12,data13,position,image,data14,data15,data16,data17,data18,image2,image3,image4,image5,image6,data19
1775742657-1,https://www.tripadvisor.es/Restaurant_Review-g187514-d3669444-Reviews-Vinoteca_Moratin-Madrid.html,Nunca defrauda.,Guillermo M,Nunca defrauda. Hemos vuelto y sigue al mismo nivel de siempre. Comida impecable y servicio perfecto. Es un restaurante para volver una y mil veces. Gracias por hacernos sentir como en casa.,25 contribuciones,25,Escrita el 13 de diciembre de 2020,"Madrid, España",,"Esta es la opinión subjetiva de un miembro de Tripadvisor, no de Tripadvisor LLC. Tripadvisor realiza comprobaciones de las opiniones.","Opinión obtenida en colaboración con este restaurante Este negocio utiliza herramientas facilitadas por Tripadvisor (o uno de sus socios oficiales de recopilación de opiniones) para animar a los huéspedes a que escriban opiniones y recopilarlas, incluida esta.",Leer más,"Este negocio utiliza herramientas facilitadas por Tripadvisor (o uno de sus socios oficiales de recopilación de opiniones) para animar a los huéspedes a que escriban opiniones y recopilarlas, incluida esta.",1.0,https://dynamic-media-cdn.tripadvisor.com/media/photo-o/1a/f6/f4/5d/default-avatar-2020-32.jpg?w=100&h=-1&s=1,,,,,,,,,,,
1775742657-2,https://www.tripadvisor.es/Restaurant_Review-g187514-d3669444-Reviews-Vinoteca_Moratin-Madrid.html,Una gratísima sorpresa,gloritis,"No conocía nada este restaurante y me ha sorprendido mucho, por lo confortable del lugar, por la atención experta y amable del personal y, sobre todo, por lo bien que hemos comido. Lástima no haber hecho alguna foto porque los salmonetes y la caballa lo merecían. Muy, muy recomendable.",50 contribuciones,50,Escrita el 25 de noviembre de 2020,"Madrid, España",,"Esta es la opinión subjetiva de un miembro de Tripadvisor, no de Tripadvisor LLC. Tripadvisor realiza comprobaciones de las opiniones.","Opinión obtenida en colaboración con este restaurante Este negocio utiliza herramientas facilitadas por Tripadvisor (o uno de sus socios oficiales de recopilación de opiniones) para animar a los huéspedes a que escriban opiniones y recopilarlas, incluida esta.",Leer más,"Este negocio utiliza herramientas facilitadas por Tripadvisor (o uno de sus socios oficiales de recopilación de opiniones) para animar a los huéspedes a que escriban opiniones y recopilarlas, incluida esta.",1.0,https://dynamic-media-cdn.tripadvisor.com/media/photo-l/01/2a/fd/96/avatar.jpg?w=100&h=-1&s=1,,,,,,,,,,,
1775742657-3,https://www.tripadvisor.es/Restaurant_Review-g187514-d3669444-Reviews-Vinoteca_Moratin-Madrid.html,"""Must"" de Madrid",Iván L,"El lugar perfecto para disfrutar auténticas delicias, producto de calidad premium tratado con mimo y una extensa carta de vinos, a cual mejor. El trato es exquisito y el lugar es encantador. Un auténtico ""must"" de Madrid. Enhorabuena por una combinación tan perfecta, repetiremos sin duda!",18 contribuciones,18,Escrita el 13 de septiembre de 2020,"Madrid, España","Esta es la opinión subjetiva de un miembro de Tripadvisor, no de Tripadvisor LLC. Tripadvisor realiza comprobaciones de las opiniones.",,,Leer más,,0.0,https://dynamic-media-cdn.tripadvisor.com/media/photo-o/1a/f6/de/5a/default-avatar-2020-36.jpg?w=100&h=-1&s=1,,,,,,,,,,,
1775742657-4,https://www.tripadvisor.es/Restaurant_Review-g187514-d3669444-Reviews-Vinoteca_Moratin-Madrid.html,Un (no tan) secreto escondido,Diego S,"Una vez pasado el maldito confinamiento y con los restaurantes en plena etapa de reaperturas nos decidimos a visitar la Vinoteca Moratín, este dato es curioso porque lo intentamos anteriormente en multiples ocasiones sin éxito, y es justo ahora con una reducción importante de espacio, mesas y comensales cuando logramos nuestro objetivo.

Espacios post-COVID amplios y con distancia entre mesas y un servicio extraordinario, en pocos sitios te podrás sentir más cómodo.

La comida fue una auténtica sorpresa, partiendo de una carta reducida (apuestas seguras mejor que abarcar demasiados campos) seguimos las indicaciones del metre y empezamos con puerros confitados (nunca pensé que pudieran estar así de deliciosos) y un salmón marinado que fue un espectáculo en boca.

Para los segundos mi pareja optó por un arroz negro muy rico y yo probé los canelones de ternera que son una auténtica perdición gastronómica.

La carta de vinos amplia, compensada y con personalidad. Seguimos las recomendaciones basadas en nuestros gustos y optamos por un El hombre bala (garnacha de Madrid, potente, intenso y un puntito canalla).

La espera, como se suele decir, mereció la pena.",613 contribuciones,613,Escrita el 11 de septiembre de 2020,"Madrid, España",,"Esta es la opinión subjetiva de un miembro de Tripadvisor, no de Tripadvisor LLC. Tripadvisor realiza comprobaciones de las opiniones.",,Leer más,,1.0,https://dynamic-media-cdn.tripadvisor.com/media/photo-o/06/c6/6e/37/diego-s.jpg?w=100&h=-1&s=1,,,,,,,,,,,
1775742657-5,https://www.tripadvisor.es/Restaurant_Review-g187514-d3669444-Reviews-Vinoteca_Moratin-Madrid.html,Es bastante complicado encontrar,Enrique L,"Es bastante complicado encontrar en Madrid un lugar que aúne profesionalidad, buena cocina, excelente bodega y , además, una atención excelente. Pues bien, aquí lo tenéis....un 10 sin dudas. Probad sus recomendaciones. El menú es corto pero mejor hacer bien lo que sabes que diversificar. En serio , no os lo perdáis si tenéis la oportunidad!!! Gracias y saludos",58 contribuciones,58,Escrita el 30 de agosto de 2020,"Madrid, España","Esta es la opinión subjetiva de un miembro de Tripadvisor, no de Tripadvisor LLC. Tripadvisor realiza comprobaciones de las opiniones.",,,Leer más,,1.0,https://dynamic-media-cdn.tripadvisor.com/media/photo-o/0a/44/ca/52/enrique-l.jpg?w=100&h=-1&s=1,,,,,,,,,,,
1775742657-6,https://www.tripadvisor.es/Restaurant_Review-g187514-d3669444-Reviews-Vinoteca_Moratin-Madrid.html,Un oasis en el tórrido verano madrileño.,Mario Q,Moratín siempre supera mis expectativas. Me encantó sobre todo la corvina! Gracias Marcos por tu amabilidad y buen hacer.,8 contribuciones,8,Escrita el 20 de agosto de 2020,8 contribuciones,,,"Opinión obtenida en colaboración con este restaurante Este negocio utiliza herramientas facilitadas por Tripadvisor (o uno de sus socios oficiales de recopilación de opiniones) para animar a los huéspedes a que escriban opiniones y recopilarlas, incluida esta.",Leer más,"Este negocio utiliza herramientas facilitadas por Tripadvisor (o uno de sus socios oficiales de recopilación de opiniones) para animar a los huéspedes a que escriban opiniones y recopilarlas, incluida esta.",0.0,https://dynamic-media-cdn.tripadvisor.com/media/photo-o/11/fe/fa/3c/mario-q.jpg?w=100&h=-1&s=1,,,,,,,,,,,
1775742657-7,https://www.tripadvisor.es/Restaurant_Review-g187514-d3669444-Reviews-Vinoteca_Moratin-Madrid.html,La clave del éxito,Pablo R,"La clave del éxito está en hacer de manera excepcional unas pocas cosas (y disfrutarlas) y no en abarcar demasiada mediocridad...
Enhorabuena a Marcos y su equipo y mil gracias por ser tan generosos conmigo cada vez que visito vuestra casa. Espero y deseo volver pronto por ahí y descubrir las nuevas propuestas después de este “arresto”.
Hasta aquí mis sugerencias: las alcachofas, los puerros, el bacalao... y sobre todo los CHICHARROS !!!!",4 contribuciones,4,Escrita el 18 de agosto de 2020,"Coslada, Madrid, Spain","Esta es la opinión subjetiva de un miembro de Tripadvisor, no de Tripadvisor LLC. Tripadvisor realiza comprobaciones de las opiniones.",,,Leer más,,0.0,https://dynamic-media-cdn.tripadvisor.com/media/photo-o/1a/f6/ef/9c/default-avatar-2020-14.jpg?w=100&h=-1&s=1,,,,,,,,,,,
1775742657-8,https://www.tripadvisor.es/Restaurant_Review-g187514-d3669444-Reviews-Vinoteca_Moratin-Madrid.html,Maravilloso sitio. La comida,markirenton,"Maravilloso sitio. La comida buenisima (puerros, salmon, un arroz cn carpaccio d gamba exquisito!) y el trato amabilisimo. Nos ha encantado.",18 contribuciones,18,Escrita el 16 de agosto de 2020,"Madrid, España","Esta es la opinión subjetiva de un miembro de Tripadvisor, no de Tripadvisor LLC. Tripadvisor realiza comprobaciones de las opiniones.",,,Leer más,,0.0,https://dynamic-media-cdn.tripadvisor.com/media/photo-o/19/f7/7e/7b/caption.jpg?w=100&h=-1&s=1,,,,,,,,,,,
1775742657-9,https://www.tripadvisor.es/Restaurant_Review-g187514-d3669444-Reviews-Vinoteca_Moratin-Madrid.html,Y QUE MANERA DE VOLVER...,ranacuajo,"Ya se que no puedo ser imparcial con este restaurante. Son ya siete años visitándolo con asiduidad, pero el regreso ha sido genial. Fuera de carta una impresionante fideuá, un arroz con salmonetes de escándalo y un salmorejo fresco y suave...Vamos, que ya he reservado para la semana que viene...Encantado de volver.",38 contribuciones,38,Escrita el 21 de junio de 2020,"Madrid, España",,,"Opinión obtenida en colaboración con este restaurante Este negocio utiliza herramientas facilitadas por Tripadvisor (o uno de sus socios oficiales de recopilación de opiniones) para animar a los huéspedes a que escriban opiniones y recopilarlas, incluida esta.",Leer más,"Este negocio utiliza herramientas facilitadas por Tripadvisor (o uno de sus socios oficiales de recopilación de opiniones) para animar a los huéspedes a que escriban opiniones y recopilarlas, incluida esta.",2.0,https://dynamic-media-cdn.tripadvisor.com/media/photo-o/05/c7/ea/dc/ranacuajo.jpg?w=100&h=-1&s=1,,,,,,,,,,,
1775742657-10,https://www.tripadvisor.es/Restaurant_Review-g187514-d3669444-Reviews-Vinoteca_Moratin-Madrid.html,Han vuelto,carmencortes58,"Somos clientes habituales.  Ayer fuimos en su primer día después del confinamiento. Con medidas higiénicas, separación, etc.
La cena fenomenal como siempre , una corvina excelente fue mi segundo plato y de primero mi-cuit de rape y postre coulant de chocolate.esta opinión es para darles ánimo y animad a la gente a acudir al restaurante.",288 contribuciones,288,Escrita el 10 de junio de 2020,"Madrid, España",,"Esta es la opinión subjetiva de un miembro de Tripadvisor, no de Tripadvisor LLC. Tripadvisor realiza comprobaciones de las opiniones.","Opinión obtenida en colaboración con este restaurante Este negocio utiliza herramientas facilitadas por Tripadvisor (o uno de sus socios oficiales de recopilación de opiniones) para animar a los huéspedes a que escriban opiniones y recopilarlas, incluida esta.",Leer más,"Este negocio utiliza herramientas facilitadas por Tripadvisor (o uno de sus socios oficiales de recopilación de opiniones) para animar a los huéspedes a que escriban opiniones y recopilarlas, incluida esta.",3.0,https://dynamic-media-cdn.tripadvisor.com/media/photo-o/1a/f6/f4/20/default-avatar-2020-31.jpg?w=100&h=-1&s=1,,,,,,,,,,,
1775742657-11,https://www.tripadvisor.es/Restaurant_Review-g187514-d3669444-Reviews-Vinoteca_Moratin-Madrid.html,¡Experiencia de 10!,Ángeles Lucía,"Lugar pequeño, con encanto, con una materia prima fresca y cocinada con mucho mimo. Pero quizá lo mejor es la atención. Saben lo que hacen y saben comunicarlo. No venden humo. Hemos repetido y repetiremos siempre que podamos.",5 contribuciones,5,Escrita el 19 de marzo de 2020,5 contribuciones,,"Esta es la opinión subjetiva de un miembro de Tripadvisor, no de Tripadvisor LLC. Tripadvisor realiza comprobaciones de las opiniones.","Opinión obtenida en colaboración con este restaurante Este negocio utiliza herramientas facilitadas por Tripadvisor (o uno de sus socios oficiales de recopilación de opiniones) para animar a los huéspedes a que escriban opiniones y recopilarlas, incluida esta.",Leer más,"Este negocio utiliza herramientas facilitadas por Tripadvisor (o uno de sus socios oficiales de recopilación de opiniones) para animar a los huéspedes a que escriban opiniones y recopilarlas, incluida esta.",1.0,https://dynamic-media-cdn.tripadvisor.com/media/photo-o/1a/f6/ec/3d/default-avatar-2020-1.jpg?w=100&h=-1&s=1,,,,,,,,,,,
1775742657-12,https://www.tripadvisor.es/Restaurant_Review-g187514-d3669444-Reviews-Vinoteca_Moratin-Madrid.html,Estupendo,viajeroandaluz,"Pequeño pero gran restaurante, el local es muy acogedor y el servicio excelente. Una carta variada sin grandes alharacas pero muy completa. Disponen de 1 plato de cuchara en el que destaca una rica sopa de tomate. Completa carta de vinos, postres variados. Muy recomendable",333 contribuciones,333,Escrita el 6 de marzo de 2020,"Provincia de Jaén, España","Esta es la opinión subjetiva de un miembro de Tripadvisor, no de Tripadvisor LLC. Tripadvisor realiza comprobaciones de las opiniones.",,,Leer más,,0.0,https://dynamic-media-cdn.tripadvisor.com/media/photo-o/1a/f6/7c/01/default-avatar-2020-5.jpg?w=100&h=-1&s=1,,,,,,,,,,,
1775742657-13,https://www.tripadvisor.es/Restaurant_Review-g187514-d3669444-Reviews-Vinoteca_Moratin-Madrid.html,casa de comidas suprema,Sekitudinai,"Impresionante restaurante para comer en madrid, productos normales, que cualquiera podria utilizar en su casa para cocinar, pero muy bien tratados, elaborados y con un trato exquisito por parte del personal, pocas casas de comidas como esta hay en Madrid.
es cierto que he ido ya muchas veces y nunca me canso, obviamente ha subido algo de precio pero da lo mismo, se paga y se paga agusto cuando se come y te enseñan asi.
muchas recomendaciones he dado de este sitio y a quien me pregunte siempre le dire que vaya.",6 contribuciones,6,Escrita el 6 de marzo de 2020,"Madrid, España",,"Esta es la opinión subjetiva de un miembro de Tripadvisor, no de Tripadvisor LLC. Tripadvisor realiza comprobaciones de las opiniones.","Opinión obtenida en colaboración con este restaurante Este negocio utiliza herramientas facilitadas por Tripadvisor (o uno de sus socios oficiales de recopilación de opiniones) para animar a los huéspedes a que escriban opiniones y recopilarlas, incluida esta.",Leer más,"Este negocio utiliza herramientas facilitadas por Tripadvisor (o uno de sus socios oficiales de recopilación de opiniones) para animar a los huéspedes a que escriban opiniones y recopilarlas, incluida esta.",0.0,,,,,,,,,,,,
1775742657-14,https://www.tripadvisor.es/Restaurant_Review-g187514-d3669444-Reviews-Vinoteca_Moratin-Madrid.html,Excelente,Misskitty,"Como siempre, excelente, estupenda materia prima muy bien tratada y elaborado
Quisiera destacar la atención de Víctor,buen profesional y que demuestra su gusto y pasión por el mundo de los vinos. Buen acierto en los maridages dando opciones para que sea finalmente el cliente quién decida, demostrando humildad, algo que se hecha, últimamente,en falta en esta profesión.
Gracias a todo el equipo",14 contribuciones,14,Escrita el 4 de marzo de 2020,"Madrid, España",,"Esta es la opinión subjetiva de un miembro de Tripadvisor, no de Tripadvisor LLC. Tripadvisor realiza comprobaciones de las opiniones.","Opinión obtenida en colaboración con este restaurante Este negocio utiliza herramientas facilitadas por Tripadvisor (o uno de sus socios oficiales de recopilación de opiniones) para animar a los huéspedes a que escriban opiniones y recopilarlas, incluida esta.",Leer más,"Este negocio utiliza herramientas facilitadas por Tripadvisor (o uno de sus socios oficiales de recopilación de opiniones) para animar a los huéspedes a que escriban opiniones y recopilarlas, incluida esta.",0.0,,,,,,,,,,,,
1775742657-15,https://www.tripadvisor.es/Restaurant_Review-g187514-d3669444-Reviews-Vinoteca_Moratin-Madrid.html,Siempre perfecto,Marita C,"Como siempre , comida, atención y ambiente perfecto. Ningún pero, es una apuesta segura y ganadora. Repetiremos",9 contribuciones,9,Escrita el 29 de febrero de 2020,"Madrid, España",,"Esta es la opinión subjetiva de un miembro de Tripadvisor, no de Tripadvisor LLC. Tripadvisor realiza comprobaciones de las opiniones.","Opinión obtenida en colaboración con este restaurante Este negocio utiliza herramientas facilitadas por Tripadvisor (o uno de sus socios oficiales de recopilación de opiniones) para animar a los huéspedes a que escriban opiniones y recopilarlas, incluida esta.",Leer más,"Este negocio utiliza herramientas facilitadas por Tripadvisor (o uno de sus socios oficiales de recopilación de opiniones) para animar a los huéspedes a que escriban opiniones y recopilarlas, incluida esta.",0.0,https://dynamic-media-cdn.tripadvisor.com/media/photo-o/1a/f6/ed/00/default-avatar-2020-4.jpg?w=100&h=-1&s=1,,,,,,,,,,,
1775742642-1,https://www.tripadvisor.es/Restaurant_Review-g187514-d3669444-Reviews-Vinoteca_Moratin-Madrid.html,Para volver mil veces y probar toda la carta,Antonio p,"Te sientes a gusto nada más entrar en este ambiente tranquilo y recogido. No hay más de 10 mesas, por lo que Marcos y su equipo te hacen sentirte muy cómodo desde que entras. Atención al detalle, educación, esmerada presentación y, cómo no, una cocina espectacular.
Tras contarnos Marcos la carta y fuera de carta se te quedan ganas de probarlo todo. Por eso, sin duda, volveremos a seguir probando platos.
Además, acomodan la cantidad de comida a los comensales y sus necesidades: mi mujer come la mitad que yo pero queríamos probar varios platos. Marcos nos ofreció medias raciones a repartir, ¡excelente idea!
Por poner un pero, los vinos son demasiado caros. Pero la carta en general no es cara
Gracias de nuevo",8 contribuciones,8,Escrita el 20 de noviembre de 2021,Calidad/precio,Comida,Servicio,"Madrid, España","Esta es la opinión subjetiva de un miembro de Tripadvisor, no de Tripadvisor LLC. Tripadvisor realiza comprobaciones de las opiniones.","Opinión obtenida en colaboración con este restaurante Este negocio utiliza herramientas facilitadas por Tripadvisor (o uno de sus socios oficiales de recopilación de opiniones) para animar a los huéspedes a que escriban opiniones y recopilarlas, incluida esta.",,,,,Leer más,"Este negocio utiliza herramientas facilitadas por Tripadvisor (o uno de sus socios oficiales de recopilación de opiniones) para animar a los huéspedes a que escriban opiniones y recopilarlas, incluida esta.",0,,,https://dynamic-media-cdn.tripadvisor.com/media/photo-o/1a/f6/7c/01/default-avatar-2020-5.jpg?w=100&h=-1&s=1,,,
1775742642-2,https://www.tripadvisor.es/Restaurant_Review-g187514-d3669444-Reviews-Vinoteca_Moratin-Madrid.html,EXCELENTE con mayúsculas,Esther G,"Comida con amigas. No es la primera, ni la segunda, ni la tercera vez que comemos en este restaurante. Y repitiremos. Y porqué? Porque nos encanta. Ni un pero.",10 contribuciones,10,Escrita el 8 de octubre de 2021,Calidad/precio,Comida,Servicio,10 contribuciones,,"Opinión obtenida en colaboración con este restaurante Este negocio utiliza herramientas facilitadas por Tripadvisor (o uno de sus socios oficiales de recopilación de opiniones) para animar a los huéspedes a que escriban opiniones y recopilarlas, incluida esta.",,https://dynamic-media-cdn.tripadvisor.com/media/photo-o/1f/66/c3/55/tomates-de-temporada.jpg?w=300&h=300&s=1,,,Leer más,"Este negocio utiliza herramientas facilitadas por Tripadvisor (o uno de sus socios oficiales de recopilación de opiniones) para animar a los huéspedes a que escriban opiniones y recopilarlas, incluida esta.",1,https://dynamic-media-cdn.tripadvisor.com/media/photo-o/1f/66/c3/a6/lentejas-caviar.jpg?w=300&h=300&s=1,https://dynamic-media-cdn.tripadvisor.com/media/photo-o/1f/66/c2/f8/pescado-para-chuparte.jpg?w=300&h=300&s=1,https://dynamic-media-cdn.tripadvisor.com/media/photo-o/1a/f6/f2/b8/default-avatar-2020-26.jpg?w=100&h=-1&s=1,,,
1775742642-3,https://www.tripadvisor.es/Restaurant_Review-g187514-d3669444-Reviews-Vinoteca_Moratin-Madrid.html,Rincón con sorpresa en el centro de Madrid,Rafael E,"Pequeño rincon lleno de sorpresas y cariño. Carta corta pero excepcional. Sorprende el fondo de su bodega. Déjate aconsejar por Marcos y su equipo, nunca fallan.",7 contribuciones,7,Escrita el 3 de octubre de 2021,,,,"Madrid, España",,,,,"Esta es la opinión subjetiva de un miembro de Tripadvisor, no de Tripadvisor LLC. Tripadvisor realiza comprobaciones de las opiniones.",,Leer más,,1,,,https://dynamic-media-cdn.tripadvisor.com/media/photo-o/1a/f6/f0/d5/default-avatar-2020-17.jpg?w=100&h=-1&s=1,,,
1775742642-4,https://www.tripadvisor.es/Restaurant_Review-g187514-d3669444-Reviews-Vinoteca_Moratin-Madrid.html,Qué bonito!!!,Tesus,"Hoy hemos estado en este restaurante y hay que destacar qué tanto su ubicación (barrio de Las Letras), la instalación ( “coquetona” y distinta), el producto )de lo mejor del mercado , preparado y cocinado con saber y cariño), y un trato excelente, excelente, excelente (de la mano de Marcos, Chema y Víctor);y una magnífica relación calidad/ precio. Hoy tomamos unas lentejas qué dejan sin palabras y un bonito (qué además de poner título a la opinión; podemos decir que es de lo mejor que hemos comido en mucho tiempo). Y el postre del”rechupete”. Seguid así, que seguiremos yendo a vuestra casa",554 contribuciones,554,Escrita el 9 de septiembre de 2021,,,,"Madrid, España",,,,https://dynamic-media-cdn.tripadvisor.com/media/photo-o/1d/d7/dd/ba/caption.jpg?w=300&h=300&s=1,,"Esta es la opinión subjetiva de un miembro de Tripadvisor, no de Tripadvisor LLC. Tripadvisor realiza comprobaciones de las opiniones.",Leer más,,1,https://dynamic-media-cdn.tripadvisor.com/media/photo-o/1d/d7/dd/bb/caption.jpg?w=300&h=300&s=1,https://dynamic-media-cdn.tripadvisor.com/media/photo-o/1d/d7/dd/b9/caption.jpg?w=300&h=300&s=1,https://dynamic-media-cdn.tripadvisor.com/media/photo-o/1a/a5/a8/aa/caption.jpg?w=100&h=-1&s=1,,,
1775742642-5,https://www.tripadvisor.es/Restaurant_Review-g187514-d3669444-Reviews-Vinoteca_Moratin-Madrid.html,Excelente comida acompañada de buen vino,juliojavyoli,"Carta corta pero excelente. Con un tato excepcional te cuentan todos los platos y las recomendaciones que te dan son desde luego para hacerlas caso.
Acompañamos la cena con distintos vinos, nos ofrecieron la posibilidad de medias copas para poder degustar alguno más, lo cual está muy bien. Dejamos que Victor, nos fuese sacando caldos de su elección comentando un poco el tipo de vinos que íbamos queriendo y la verdad es que fue un acierto. Un maridaje rico, rico.
Local acogedor, un sitio para repetir",42 contribuciones,42,Escrita el 29 de julio de 2021,Calidad/precio,Comida,Servicio,"Madrid, España",,,,,,"Esta es la opinión subjetiva de un miembro de Tripadvisor, no de Tripadvisor LLC. Tripadvisor realiza comprobaciones de las opiniones.",Leer más,,0,,,https://dynamic-media-cdn.tripadvisor.com/media/photo-o/1a/f6/ec/a2/default-avatar-2020-3.jpg?w=100&h=-1&s=1,,,
1775742642-6,https://www.tripadvisor.es/Restaurant_Review-g187514-d3669444-Reviews-Vinoteca_Moratin-Madrid.html,"Comida extraordinaria, un placer para los sentidos",Miguel Angel B,"Amabilidad extraordinaria, carta breve y exquisita,  reserve y disfrute. Puerros excelentes, vino genial, comida deliciosa",39 contribuciones,39,Escrita el 25 de julio de 2021,,,,"Logroño, España",,,,,"Esta es la opinión subjetiva de un miembro de Tripadvisor, no de Tripadvisor LLC. Tripadvisor realiza comprobaciones de las opiniones.",,Leer más,,0,,,https://dynamic-media-cdn.tripadvisor.com/media/photo-o/15/c2/95/34/caption.jpg?w=100&h=-1&s=1,,,
1775742642-7,https://www.tripadvisor.es/Restaurant_Review-g187514-d3669444-Reviews-Vinoteca_Moratin-Madrid.html,Major Inposilbe,Antonio R,"Son ya seis años acudiendo a este restaurante y nada cambia. Basicamente porque no puede mejorarse lo inmejorable. Marcos y su equipo ofrecen unos platos de altísima calidad y con un sello personal que (en mi opinión) pocos pueden igualar. Una cocina refinada, sin sabores contundentes pero con unos aromas y unas sensaciones que permanecen al degustar sus platos. Lo que presenta Marcos es un homenaje a la sencillez bien entendida. Un producto de gran calidad y ofrecido sin exageraciones triviales. Y si en sala a ello le acompaña un equipo como Chema y Victor, la experiencia en Vinoteca Moratín es un auténtico placer. Dudo mucho que pueda acudir a un restauante de este nivel, para mí lo mejor de Madrid",51 contribuciones,51,Escrita el 12 de junio de 2021,Servicio,,Comida,"Madrid, España","Esta es la opinión subjetiva de un miembro de Tripadvisor, no de Tripadvisor LLC. Tripadvisor realiza comprobaciones de las opiniones.","Opinión obtenida en colaboración con este restaurante Este negocio utiliza herramientas facilitadas por Tripadvisor (o uno de sus socios oficiales de recopilación de opiniones) para animar a los huéspedes a que escriban opiniones y recopilarlas, incluida esta.",,,,,Leer más,"Este negocio utiliza herramientas facilitadas por Tripadvisor (o uno de sus socios oficiales de recopilación de opiniones) para animar a los huéspedes a que escriban opiniones y recopilarlas, incluida esta.",0,,,https://dynamic-media-cdn.tripadvisor.com/media/photo-o/06/de/79/09/antonio-r.jpg?w=100&h=-1&s=1,,,
1775742642-8,https://www.tripadvisor.es/Restaurant_Review-g187514-d3669444-Reviews-Vinoteca_Moratin-Madrid.html,Volveremos,Francisco Javie... R,"Tenía ganas de probarlo y nos encantó.
El servicio, la comida, la calidad de los alimentos.
Muy amables y contando los platos o los vinos. La pena es no poder ir más a menudo, no nos pilla cerca, pero volveremos seguro.",59 contribuciones,59,Escrita el 28 de mayo de 2021,Calidad/precio,Comida,Servicio,"Madrid, España","Esta es la opinión subjetiva de un miembro de Tripadvisor, no de Tripadvisor LLC. Tripadvisor realiza comprobaciones de las opiniones.","Opinión obtenida en colaboración con este restaurante Este negocio utiliza herramientas facilitadas por Tripadvisor (o uno de sus socios oficiales de recopilación de opiniones) para animar a los huéspedes a que escriban opiniones y recopilarlas, incluida esta.",,,,,Leer más,"Este negocio utiliza herramientas facilitadas por Tripadvisor (o uno de sus socios oficiales de recopilación de opiniones) para animar a los huéspedes a que escriban opiniones y recopilarlas, incluida esta.",0,,,https://dynamic-media-cdn.tripadvisor.com/media/photo-o/1a/f6/de/e7/default-avatar-2020-37.jpg?w=100&h=-1&s=1,,,
1775742642-9,https://www.tripadvisor.es/Restaurant_Review-g187514-d3669444-Reviews-Vinoteca_Moratin-Madrid.html,Sin palabras,Irene H,"Descubrí el restaurante dando un paseo y Yerma cenamos allí. 
Solo puedo tener buenas palabras para esta maravilla de Vinoteca.
El servicio es espectacular, atentos , discretos y profesionales.
El cocinero te explica cada plátano , te recomienda y ajusta el menú para que disfrutes de la experiencia.
Nos abrieron dos botellas de vino para elegir la que más nos gustase .
La cómoda es deliciosa , sencilla y hecha con mucho amor.
Volveré seguro.
La relación calidad precio es impresionante.",11 contribuciones,11,Escrita el 22 de mayo de 2021,,,,11 contribuciones,,"Opinión obtenida en colaboración con este restaurante Este negocio utiliza herramientas facilitadas por Tripadvisor (o uno de sus socios oficiales de recopilación de opiniones) para animar a los huéspedes a que escriban opiniones y recopilarlas, incluida esta.",,,,"Esta es la opinión subjetiva de un miembro de Tripadvisor, no de Tripadvisor LLC. Tripadvisor realiza comprobaciones de las opiniones.",Leer más,"Este negocio utiliza herramientas facilitadas por Tripadvisor (o uno de sus socios oficiales de recopilación de opiniones) para animar a los huéspedes a que escriban opiniones y recopilarlas, incluida esta.",0,,,https://dynamic-media-cdn.tripadvisor.com/media/photo-o/1a/f6/77/ae/default-avatar-2020-2.jpg?w=100&h=-1&s=1,,,
1775742642-10,https://www.tripadvisor.es/Restaurant_Review-g187514-d3669444-Reviews-Vinoteca_Moratin-Madrid.html,Que puedo decir de este pequeño,carolina g,"Que puedo decir de este pequeño pero maravilloso restaurante, el servicio muy bueno, la comida muy bueno todo,y el vino Villa Wolf excelente, aconsejado por ellos. Volveremos seguro. Gracias por cuidar tanto todos los detalles.",25 contribuciones,25,Escrita el 4 de abril de 2021,,,,"Madrid, España",,"Opinión obtenida en colaboración con este restaurante Este negocio utiliza herramientas facilitadas por Tripadvisor (o uno de sus socios oficiales de recopilación de opiniones) para animar a los huéspedes a que escriban opiniones y recopilarlas, incluida esta.",,,,"Esta es la opinión subjetiva de un miembro de Tripadvisor, no de Tripadvisor LLC. Tripadvisor realiza comprobaciones de las opiniones.",Leer más,"Este negocio utiliza herramientas facilitadas por Tripadvisor (o uno de sus socios oficiales de recopilación de opiniones) para animar a los huéspedes a que escriban opiniones y recopilarlas, incluida esta.",0,,,https://dynamic-media-cdn.tripadvisor.com/media/photo-o/1a/f6/f2/b8/default-avatar-2020-26.jpg?w=100&h=-1&s=1,,,
1775742642-11,https://www.tripadvisor.es/Restaurant_Review-g187514-d3669444-Reviews-Vinoteca_Moratin-Madrid.html,Riquísima comida española. Ambiente elegante,Leticia D,"Fuimos esta Semana Santa tras tenerlo en el radar desde hacía mucho ya que se trata de un must mítico de Madrid.
Excelente todo: 
Comida exquisita, tradicional española hecha con calidad de materia prima y sin intentar ser modernos a base de baos y ponzu etc... rico rico tal y como es.
Trato y servicio muy por encima de la media, súper atentos, nos recomendaron genial. 
Decoración y ambiente elegante.
A pesar de que el local es pequeño, las mesas están muy distanciadas.
Para volver pronto.",178 contribuciones,178,Escrita el 4 de abril de 2021,,,,"Madrid, España",,,,,"Esta es la opinión subjetiva de un miembro de Tripadvisor, no de Tripadvisor LLC. Tripadvisor realiza comprobaciones de las opiniones.",,Leer más,,1,,,https://dynamic-media-cdn.tripadvisor.com/media/photo-o/18/c7/ec/2f/caption.jpg?w=100&h=-1&s=1,,,
1775742642-12,https://www.tripadvisor.es/Restaurant_Review-g187514-d3669444-Reviews-Vinoteca_Moratin-Madrid.html,Muy recomendable,Alexis,"Muy acogedor, la comida de diez, un lujo de maridaje, buena selección de vinos y una atención fantástica",2 contribuciones,2,Escrita el 29 de marzo de 2021,,,,2 contribuciones,,"Opinión obtenida en colaboración con este restaurante Este negocio utiliza herramientas facilitadas por Tripadvisor (o uno de sus socios oficiales de recopilación de opiniones) para animar a los huéspedes a que escriban opiniones y recopilarlas, incluida esta.",,,,"Esta es la opinión subjetiva de un miembro de Tripadvisor, no de Tripadvisor LLC. Tripadvisor realiza comprobaciones de las opiniones.",Leer más,"Este negocio utiliza herramientas facilitadas por Tripadvisor (o uno de sus socios oficiales de recopilación de opiniones) para animar a los huéspedes a que escriban opiniones y recopilarlas, incluida esta.",0,,,https://dynamic-media-cdn.tripadvisor.com/media/photo-o/1a/f6/de/e7/default-avatar-2020-37.jpg?w=100&h=-1&s=1,,,
1775742642-13,https://www.tripadvisor.es/Restaurant_Review-g187514-d3669444-Reviews-Vinoteca_Moratin-Madrid.html,Excelente,Orlean67,"Local pequeño y recogido con ambiente tranquilo y acogedor.  Atención excelente, acertadas recomendaciones tanto en comida como maridaje. Carta corta pero variada y suficiente. 
Todo lo que comimos fue de diez. Cocina de mercado con aire casero en el mejor sentido de la palabra. 
Puerros con salsa romescu, lentejas con chipirones, salmón marinado y lomos de caballa con pimientos, culant de chocolate mejor que la media, tarta tatin de higos deliciosa, helado de violetas. 
Muy recomendable. Volveremos. 
Muchas gracias.",29 contribuciones,29,Escrita el 21 de marzo de 2021,,,,"Madrid, España",,,,,"Esta es la opinión subjetiva de un miembro de Tripadvisor, no de Tripadvisor LLC. Tripadvisor realiza comprobaciones de las opiniones.",,Leer más,,0,,,https://dynamic-media-cdn.tripadvisor.com/media/photo-o/1a/f6/eb/a3/default-avatar-2020-38.jpg?w=100&h=-1&s=1,,,
1775742642-14,https://www.tripadvisor.es/Restaurant_Review-g187514-d3669444-Reviews-Vinoteca_Moratin-Madrid.html,100% recomendables,Adrián D,Pequeño local con comida y atención de 10. Buen ambiente y producto de calidad. El servicio excelente. Por poner un pero: los vinos un poco pasados de precio. Volveremos.,48 contribuciones,48,Escrita el 16 de febrero de 2021,,,,48 contribuciones,,,,,,"Esta es la opinión subjetiva de un miembro de Tripadvisor, no de Tripadvisor LLC. Tripadvisor realiza comprobaciones de las opiniones.",Leer más,,0,,https://dynamic-media-cdn.tripadvisor.com/media/photo-o/1c/a6/46/ac/photo0jpg.jpg?w=300&h=-1&s=1,,,,
1775742642-15,https://www.tripadvisor.es/Restaurant_Review-g187514-d3669444-Reviews-Vinoteca_Moratin-Madrid.html,Vino...y mucho más!,HacerBuenasMigas,"Atraída por las magníficas valoraciones y mi pasión por descubrir siempre nuevos vinos, me decidí a probar experiencia en este acogedor local. El trato fue excelente, nos guiaron con la elección de los vinos y la cantidad idónea de platos a pedir...la carta no se caracteriza por ser extensa pero considero que es completa en cuanto a la variedad. Lo menos destacable, los canelones de rabo de toro, una elaboración que nos resultó mejorable.
Sin duda, un lugar totalmente recomendable y al que espero regresar para volver a disfrutar de un gran maridaje en buena compañía.",23 contribuciones,23,Escrita el 13 de diciembre de 2020,,,,"Madrid, España","Esta es la opinión subjetiva de un miembro de Tripadvisor, no de Tripadvisor LLC. Tripadvisor realiza comprobaciones de las opiniones.","Opinión obtenida en colaboración con este restaurante Este negocio utiliza herramientas facilitadas por Tripadvisor (o uno de sus socios oficiales de recopilación de opiniones) para animar a los huéspedes a que escriban opiniones y recopilarlas, incluida esta.",,https://dynamic-media-cdn.tripadvisor.com/media/photo-o/1c/6c/3a/d9/vinoteca-moratin.jpg?w=300&h=300&s=1,,,Leer más,"Este negocio utiliza herramientas facilitadas por Tripadvisor (o uno de sus socios oficiales de recopilación de opiniones) para animar a los huéspedes a que escriban opiniones y recopilarlas, incluida esta.",0,https://dynamic-media-cdn.tripadvisor.com/media/photo-o/1c/6c/3a/da/vinoteca-moratin.jpg?w=300&h=300&s=1,https://dynamic-media-cdn.tripadvisor.com/media/photo-o/1c/6c/3a/d8/vinoteca-moratin.jpg?w=300&h=300&s=1,https://dynamic-media-cdn.tripadvisor.com/media/photo-o/19/e3/95/2d/hacerbuenasmigas.jpg?w=100&h=-1&s=1,,,
1775742623-1,https://www.tripadvisor.es/Restaurant_Review-g187514-d3669444-Reviews-Vinoteca_Moratin-Madrid.html,Brutal!!!,Alvaro,"Que descubrimiento. Como he podido no conocerlo antes. Esos puerros con romesco, o ese salmonete sobre berenjena, los Canalones de carrillera, etc…. Inmejorable servicio….no sigo porque ya estoy deseando volver. Por poner un pero, los precios de los vinos están un poquito disparadlos.",3 contribuciones,Escrita el 28 de noviembre de 2022,"Madrid, España",Calidad/precio,Servicio,Comida,"Esta es la opinión subjetiva de un miembro de Tripadvisor, no de Tripadvisor LLC. Tripadvisor realiza comprobaciones de las opiniones.","Opinión obtenida en colaboración con este restaurante Este negocio utiliza herramientas facilitadas por Tripadvisor (o uno de sus socios oficiales de recopilación de opiniones) para animar a los huéspedes a que escriban opiniones y recopilarlas, incluida esta.",,3.0,,Leer más,"Este negocio utiliza herramientas facilitadas por Tripadvisor (o uno de sus socios oficiales de recopilación de opiniones) para animar a los huéspedes a que escriban opiniones y recopilarlas, incluida esta.",0,,,,,,,https://dynamic-media-cdn.tripadvisor.com/media/photo-o/1a/f6/df/2b/default-avatar-2020-39.jpg?w=100&h=-1&s=1,
1775742623-2,https://www.tripadvisor.es/Restaurant_Review-g187514-d3669444-Reviews-Vinoteca_Moratin-Madrid.html,"Más de lo mismo, o sea...excelente",Epifanio_13,"Llevamos unos años visitando este lugar superprofesional y encantador y no nos cansamos nunca. Llegamos motivados y salimos rozando la euforia. Destacar el trabajo y el buen hacer de todo el personal. Muy buen ambiente, a veces más familiar y a veces algo más selecto. En cuestión de vinos es lo mejor que conozco. Se nota que les gusta y se esmeran en complacere al comensal. Precios contenidos y muy razonables en todo. A todo ello hay que añadir que siempre aprendo algo, sea de cocina, enología, arte, geografía o cultura general. El trato excelso. Un lugar con chispa y carisma. Enhorabuena y a continuar haciendo feliz a la gente.",231 contribuciones,Escrita el 24 de julio de 2022,"Zaragoza, España",Calidad/precio,Servicio,Comida,"Esta es la opinión subjetiva de un miembro de Tripadvisor, no de Tripadvisor LLC. Tripadvisor realiza comprobaciones de las opiniones.","Opinión obtenida en colaboración con este restaurante Este negocio utiliza herramientas facilitadas por Tripadvisor (o uno de sus socios oficiales de recopilación de opiniones) para animar a los huéspedes a que escriban opiniones y recopilarlas, incluida esta.",,231.0,,Leer más,"Este negocio utiliza herramientas facilitadas por Tripadvisor (o uno de sus socios oficiales de recopilación de opiniones) para animar a los huéspedes a que escriban opiniones y recopilarlas, incluida esta.",2,,,,,,,,
1775742623-3,https://www.tripadvisor.es/Restaurant_Review-g187514-d3669444-Reviews-Vinoteca_Moratin-Madrid.html,A veces el azar te lleva al paraíso,Nazario S,"Llegamos de carambola, porque era tarde, no teníamos reserva y nos sugirieron ir allí.  Bendita sugerencia!. Desde el principio la afable profesionalidad de Víctor nos fue llevando a una de las mejores experiencias gastronómicas que hemos vivido. El salmón EXCELSO, el tartar insuperable y el bacalao espectacular. Pero, con ser la calidad de 9/10, con la atención de Víctor pasa al 12/10. MUCHAS GRACIAS. Quedamos reconocidos y volveremos sin duda",2 contribuciones,Escrita el 16 de julio de 2022,2 contribuciones,,,,,"Opinión obtenida en colaboración con este restaurante Este negocio utiliza herramientas facilitadas por Tripadvisor (o uno de sus socios oficiales de recopilación de opiniones) para animar a los huéspedes a que escriban opiniones y recopilarlas, incluida esta.","Esta es la opinión subjetiva de un miembro de Tripadvisor, no de Tripadvisor LLC. Tripadvisor realiza comprobaciones de las opiniones.",2.0,,Leer más,"Este negocio utiliza herramientas facilitadas por Tripadvisor (o uno de sus socios oficiales de recopilación de opiniones) para animar a los huéspedes a que escriban opiniones y recopilarlas, incluida esta.",1,,,,,,,https://dynamic-media-cdn.tripadvisor.com/media/photo-o/1a/f6/ef/9c/default-avatar-2020-14.jpg?w=100&h=-1&s=1,
1775742623-4,https://www.tripadvisor.es/Restaurant_Review-g187514-d3669444-Reviews-Vinoteca_Moratin-Madrid.html,Espectacular,Javier Delgado,"Local pequeño, conviene reservar, hay mucha demanda. Acogedor, buen servicio. He ido varias veces y dejarse aconsejar siempre funciona. Zona complicada para aparcar. De precio medio.",6827 contribuciones,Escrita el 2 de julio de 2022,"Madrid, España",,,,,,"Esta es la opinión subjetiva de un miembro de Tripadvisor, no de Tripadvisor LLC. Tripadvisor realiza comprobaciones de las opiniones.",6827.0,https://dynamic-media-cdn.tripadvisor.com/media/photo-o/24/68/1b/e3/caption.jpg?w=300&h=300&s=1,Leer más,,2,,,https://dynamic-media-cdn.tripadvisor.com/media/photo-o/24/68/1b/e0/caption.jpg?w=300&h=300&s=1,https://dynamic-media-cdn.tripadvisor.com/media/photo-o/24/68/1b/e1/caption.jpg?w=300&h=300&s=1,https://dynamic-media-cdn.tripadvisor.com/media/photo-o/24/68/1b/e2/caption.jpg?w=300&h=300&s=1,https://dynamic-media-cdn.tripadvisor.com/media/photo-o/24/68/1b/df/caption.jpg?w=300&h=300&s=1,https://dynamic-media-cdn.tripadvisor.com/media/photo-o/27/ab/6d/03/caption.jpg?w=100&h=-1&s=1,
1775742623-5,https://www.tripadvisor.es/Restaurant_Review-g187514-d3669444-Reviews-Vinoteca_Moratin-Madrid.html,Sencillo y con atencion exquisita,Ignacio SR,"No puedo mas q felicitar al personal por el servicio y atencion.
Sencillo, carta corta pero suficiente y unos vinos q me encantaron.
Repetiré sin duda.El salmon marinado y la sopa de tomate me parecieron sublimes.",79 contribuciones,Escrita el 5 de junio de 2022,"Pozuelo de Alarcón, España",,,,,,"Esta es la opinión subjetiva de un miembro de Tripadvisor, no de Tripadvisor LLC. Tripadvisor realiza comprobaciones de las opiniones.",79.0,,Leer más,,0,,,,,,https://dynamic-media-cdn.tripadvisor.com/media/photo-o/23/bc/50/3c/caption.jpg?w=300&h=300&s=1,https://dynamic-media-cdn.tripadvisor.com/media/photo-o/0d/c4/dd/de/ignacio-s.jpg?w=100&h=-1&s=1,
1775742623-6,https://www.tripadvisor.es/Restaurant_Review-g187514-d3669444-Reviews-Vinoteca_Moratin-Madrid.html,Que rico .....,PatrickLekker,"Que rico es comer bien y tener un buen servicio. Las entradas son ricos sabores, los platos fuertes ricos. Solo el plato de canelones era una deception, sin problema lo quitaron de la cuenta. Los postres perfectos. Los precios muy raisonnables.
Una reservacion es necesario!",125 contribuciones,Escrita el 30 de mayo de 2022,"Wageningen, Países Bajos",Calidad/precio,Servicio,Comida,"Esta es la opinión subjetiva de un miembro de Tripadvisor, no de Tripadvisor LLC. Tripadvisor realiza comprobaciones de las opiniones.","Opinión obtenida en colaboración con este restaurante Este negocio utiliza herramientas facilitadas por Tripadvisor (o uno de sus socios oficiales de recopilación de opiniones) para animar a los huéspedes a que escriban opiniones y recopilarlas, incluida esta.",,125.0,,Leer más,"Este negocio utiliza herramientas facilitadas por Tripadvisor (o uno de sus socios oficiales de recopilación de opiniones) para animar a los huéspedes a que escriban opiniones y recopilarlas, incluida esta.",0,,,,,,,https://dynamic-media-cdn.tripadvisor.com/media/photo-o/1a/f6/f0/d5/default-avatar-2020-17.jpg?w=100&h=-1&s=1,
1775742623-7,https://www.tripadvisor.es/Restaurant_Review-g187514-d3669444-Reviews-Vinoteca_Moratin-Madrid.html,Gran descubrimiento,Javier Delgado,"Local pequeño y acogedor, hay que reservar. Aparcamiento difícil. El servicio estupendo. La carta muy original, lo mejor dejarse aconsejar. De precio medio. Recomendable, steak, salmón, y puerro. Tarta de queso rica también.",6827 contribuciones,Escrita el 2 de mayo de 2022,"Madrid, España",,,,,,"Esta es la opinión subjetiva de un miembro de Tripadvisor, no de Tripadvisor LLC. Tripadvisor realiza comprobaciones de las opiniones.",6827.0,https://dynamic-media-cdn.tripadvisor.com/media/photo-o/23/4b/e3/02/caption.jpg?w=300&h=300&s=1,Leer más,,1,,,https://dynamic-media-cdn.tripadvisor.com/media/photo-o/23/4b/e2/fe/caption.jpg?w=300&h=300&s=1,https://dynamic-media-cdn.tripadvisor.com/media/photo-o/23/4b/e2/ff/caption.jpg?w=300&h=300&s=1,https://dynamic-media-cdn.tripadvisor.com/media/photo-o/23/4b/e3/00/caption.jpg?w=300&h=300&s=1,https://dynamic-media-cdn.tripadvisor.com/media/photo-o/23/4b/e2/fd/caption.jpg?w=300&h=300&s=1,https://dynamic-media-cdn.tripadvisor.com/media/photo-o/27/ab/6d/03/caption.jpg?w=100&h=-1&s=1,
1775742623-8,https://www.tripadvisor.es/Restaurant_Review-g187514-d3669444-Reviews-Vinoteca_Moratin-Madrid.html,Muy recomendable,Tito Encina,"Soy hostelero y buen comedor y bebedor. Lo mejor el trato de todo el personal (que hoy en día no es muy habitual). La comida buenísima y si te aconsejan el vino para acompañarlo, ya ni te cuento. Escondido, pequeñito, pero muy muy muy recomendable. Espero que nunca pierda la esencia.",22 contribuciones,Escrita el 20 de abril de 2022,22 contribuciones,,,,,,"Esta es la opinión subjetiva de un miembro de Tripadvisor, no de Tripadvisor LLC. Tripadvisor realiza comprobaciones de las opiniones.",22.0,https://dynamic-media-cdn.tripadvisor.com/media/photo-o/23/1d/a6/61/caption.jpg?w=300&h=300&s=1,Leer más,,0,,,https://dynamic-media-cdn.tripadvisor.com/media/photo-o/23/1d/a6/5e/caption.jpg?w=300&h=300&s=1,https://dynamic-media-cdn.tripadvisor.com/media/photo-o/23/1d/a6/5f/caption.jpg?w=300&h=300&s=1,https://dynamic-media-cdn.tripadvisor.com/media/photo-o/23/1d/a6/60/caption.jpg?w=300&h=300&s=1,https://dynamic-media-cdn.tripadvisor.com/media/photo-o/23/1d/a6/5d/caption.jpg?w=300&h=300&s=1,https://dynamic-media-cdn.tripadvisor.com/media/photo-o/1a/f6/de/e7/default-avatar-2020-37.jpg?w=100&h=-1&s=1,
1775742623-9,https://www.tripadvisor.es/Restaurant_Review-g187514-d3669444-Reviews-Vinoteca_Moratin-Madrid.html,Acogedor y Profesionalidad Maxima.,Estrella A y Mi Jose,"Trato espectacular, como gusta ir a los
Sitios. Comida casera, buen sabor , buena presentación y buen precio.
Maridaje: buena bodega.
Recomendable 100%.",136 contribuciones,Escrita el 26 de marzo de 2022,"Dos Hermanas, España",,,,,,"Esta es la opinión subjetiva de un miembro de Tripadvisor, no de Tripadvisor LLC. Tripadvisor realiza comprobaciones de las opiniones.",136.0,,Leer más,,0,,,https://dynamic-media-cdn.tripadvisor.com/media/photo-o/22/ae/3f/c6/caption.jpg?w=300&h=300&s=1,https://dynamic-media-cdn.tripadvisor.com/media/photo-o/22/ae/3f/c7/caption.jpg?w=300&h=300&s=1,,https://dynamic-media-cdn.tripadvisor.com/media/photo-o/22/ae/3f/c4/caption.jpg?w=300&h=300&s=1,https://dynamic-media-cdn.tripadvisor.com/media/photo-o/2b/cf/f4/33/caption.jpg?w=100&h=-1&s=1,
1775742623-10,https://www.tripadvisor.es/Restaurant_Review-g187514-d3669444-Reviews-Vinoteca_Moratin-Madrid.html,Muy bueno,ritamadrid,"Todo resultó excepcional. Bueno el pescado, y los puerros, y el postre. Buena la atención del personal, muy atento, bonito el sitio, buena decoración y bueno también el precio. Lo tiene todo. Volveremos.",7 contribuciones,Escrita el 15 de marzo de 2022,"Madrid, España",Calidad/precio,Servicio,Comida,"Esta es la opinión subjetiva de un miembro de Tripadvisor, no de Tripadvisor LLC. Tripadvisor realiza comprobaciones de las opiniones.","Opinión obtenida en colaboración con este restaurante Este negocio utiliza herramientas facilitadas por Tripadvisor (o uno de sus socios oficiales de recopilación de opiniones) para animar a los huéspedes a que escriban opiniones y recopilarlas, incluida esta.",,7.0,,Leer más,"Este negocio utiliza herramientas facilitadas por Tripadvisor (o uno de sus socios oficiales de recopilación de opiniones) para animar a los huéspedes a que escriban opiniones y recopilarlas, incluida esta.",0,,,,,,,https://dynamic-media-cdn.tripadvisor.com/media/photo-o/1a/f6/ef/9c/default-avatar-2020-14.jpg?w=100&h=-1&s=1,
1775742623-11,https://www.tripadvisor.es/Restaurant_Review-g187514-d3669444-Reviews-Vinoteca_Moratin-Madrid.html,Cena de cumpleaños,Javier M,"Maravilloso bistrot !! Cuidando el detalle marcos y su staff son profesionales y encantadores te hacen sentir como en casa . 
La cena fue maridada 5 vinos y su correspondientes platos , dirigida todo el momento por Marcos y una camarera profesional y maravillosa .

Muchísimas gracias",48 contribuciones,Escrita el 13 de marzo de 2022,"Colmenar Viejo, España",,,,,,"Esta es la opinión subjetiva de un miembro de Tripadvisor, no de Tripadvisor LLC. Tripadvisor realiza comprobaciones de las opiniones.",48.0,,Leer más,,0,,,,,,https://dynamic-media-cdn.tripadvisor.com/media/photo-o/22/77/00/1f/caption.jpg?w=300&h=-1&s=1,https://dynamic-media-cdn.tripadvisor.com/media/photo-o/1a/f6/f4/d0/default-avatar-2020-33.jpg?w=100&h=-1&s=1,
1775742623-12,https://www.tripadvisor.es/Restaurant_Review-g187514-d3669444-Reviews-Vinoteca_Moratin-Madrid.html,Cena perfecta,Cocinillas23,"Todos los platos muy bien elaborados.
A destacar el pulpo, perfecto de punto, y el trato inmejorable del personal.
Tienen muchísimas referencias de vino, incluso por copas.",18 contribuciones,Escrita el 11 de febrero de 2022,"Logroño, España",,,,,,,18.0,,Leer más,,2,,,,,,,,
1775742623-13,https://www.tripadvisor.es/Restaurant_Review-g187514-d3669444-Reviews-Vinoteca_Moratin-Madrid.html,Con mucho encanto.,MargaritaBlanca,"Acogedor, todo excelente, todo maravilloso. 
Atención y servicio a destacar. Comida muy muy rica. Volveré sin dudarlo.",1148 contribuciones,Escrita el 30 de enero de 2022,"Madrid, España",,,,,,"Esta es la opinión subjetiva de un miembro de Tripadvisor, no de Tripadvisor LLC. Tripadvisor realiza comprobaciones de las opiniones.",1148.0,,Leer más,,0,,,https://dynamic-media-cdn.tripadvisor.com/media/photo-o/21/fc/2d/45/caption.jpg?w=300&h=300&s=1,https://dynamic-media-cdn.tripadvisor.com/media/photo-o/21/fc/2d/46/caption.jpg?w=300&h=300&s=1,https://dynamic-media-cdn.tripadvisor.com/media/photo-o/21/fc/2d/47/caption.jpg?w=300&h=300&s=1,https://dynamic-media-cdn.tripadvisor.com/media/photo-o/21/fc/2d/44/caption.jpg?w=300&h=300&s=1,https://dynamic-media-cdn.tripadvisor.com/media/photo-o/1a/f6/e2/e6/default-avatar-2020-45.jpg?w=100&h=-1&s=1,
1775742623-14,https://www.tripadvisor.es/Restaurant_Review-g187514-d3669444-Reviews-Vinoteca_Moratin-Madrid.html,Excelente,daikirisweet,"El sitio nos ha encantado, el trato excepcional y los platos excelentes, con un ambiente cálido. Recomendamos los puerros y lentejas caviar. Repetiremos seguro.",19 contribuciones,Escrita el 4 de enero de 2022,barcelona,,,,,"Opinión obtenida en colaboración con este restaurante Este negocio utiliza herramientas facilitadas por Tripadvisor (o uno de sus socios oficiales de recopilación de opiniones) para animar a los huéspedes a que escriban opiniones y recopilarlas, incluida esta.","Esta es la opinión subjetiva de un miembro de Tripadvisor, no de Tripadvisor LLC. Tripadvisor realiza comprobaciones de las opiniones.",19.0,,Leer más,"Este negocio utiliza herramientas facilitadas por Tripadvisor (o uno de sus socios oficiales de recopilación de opiniones) para animar a los huéspedes a que escriban opiniones y recopilarlas, incluida esta.",0,,,,,,,https://dynamic-media-cdn.tripadvisor.com/media/photo-o/1a/f6/f2/eb/default-avatar-2020-27.jpg?w=100&h=-1&s=1,
1775742623-15,https://www.tripadvisor.es/Restaurant_Review-g187514-d3669444-Reviews-Vinoteca_Moratin-Madrid.html,Nunca defrauda,María Muñoz,"Nunca defrauda. Comida muy buena. Gran servicio, muy profesional y amable. Buena carta de vinos, aunque un poco cara. Los pescados perfectos. Volveremos",42 contribuciones,Escrita el 21 de diciembre de 2021,"Madrid, España",,,,,,,42.0,,Leer más,,0,,,,,,,https://dynamic-media-cdn.tripadvisor.com/media/photo-o/1b/6d/e1/c8/maria-m.jpg?w=100&h=-1&s=1,
1775742496-1,https://www.tripadvisor.es/Restaurant_Review-g187514-d3669444-Reviews-Vinoteca_Moratin-Madrid.html,IAN D,Bonito restaurante pequeño,"Fuimos a cenar con nuestros amigos que viven en Madrid, Este es un restaurante pequeño pero la comida era excelente, . Teníamos puerros calientes en una salsa y salmón ahumado para los estadistas, para principal mi esposa tenía pollo que dijo que era excelente. Tenía un tipo de pescado blanco en una cama de patatas que era bueno, pero el tamaño de la porción bastante pequeño. 
De postre tuvimos brulee y también una tarta de queso muy sabrosa",29521 contribuciones,29521,Escrita el 9 de noviembre de 2025,"Wigan, Reino Unido",Mostrar original,,,,,,https://dynamic-media-cdn.tripadvisor.com/media/photo-o/31/ae/21/5d/pleasant.jpg?w=300&h=300&s=1,Traducido automáticamente,"Esta es la opinión subjetiva de un miembro de Tripadvisor, no de Tripadvisor LLC. Tripadvisor realiza comprobaciones de las opiniones.",,Leer más,0,https://dynamic-media-cdn.tripadvisor.com/media/photo-o/31/ae/21/5e/pleasant.jpg?w=300&h=300&s=1,https://dynamic-media-cdn.tripadvisor.com/media/photo-o/31/ae/21/5f/pleasant.jpg?w=300&h=300&s=1,https://dynamic-media-cdn.tripadvisor.com/media/photo-o/31/ae/21/60/pleasant.jpg?w=300&h=300&s=1,https://dynamic-media-cdn.tripadvisor.com/media/photo-o/09/1d/fd/49/ian-o.jpg?w=200&h=-1&s=1,,
1775742496-2,https://www.tripadvisor.es/Restaurant_Review-g187514-d3669444-Reviews-Vinoteca_Moratin-Madrid.html,Karen H,Un gran hallazgo,"Disfrutamos mucho de nuestra comida en Moratin. Vino muy recomendable y no decepcionó. No podía faltar la comida o el vino que nos ofrecían, estaba todo delicioso y a precios muy asequibles. Este fue un gran hallazgo y obtiene cinco estrellas de nosotros.",43 contribuciones,43,Escrita el 29 de octubre de 2025,"Edimburgo, Reino Unido",Mostrar original,Calidad/precio,Ambiente,Servicio,Comida,,,Traducido automáticamente,"Esta es la opinión subjetiva de un miembro de Tripadvisor, no de Tripadvisor LLC. Tripadvisor realiza comprobaciones de las opiniones.",,Leer más,1,,,,https://dynamic-media-cdn.tripadvisor.com/media/photo-o/1a/f6/de/0a/default-avatar-2020-35.jpg?w=100&h=-1&s=1,,
1775742496-3,https://www.tripadvisor.es/Restaurant_Review-g187514-d3669444-Reviews-Vinoteca_Moratin-Madrid.html,Steve M,El restaurante que todos quieren cerca de casa,"Sobresaliente. Mi restaurante perfecto. Comida que se hace con cuidado y atención, pero que no es demasiado exigente. Personal que claramente ama lo que hacen y te tratan como un huésped no solo como un cliente. Un punto culminante es la brillante toma de pollo asado, pero todo lo que hemos probado fue excelente",3 contribuciones,3,Escrita el 28 de octubre de 2025,3 contribuciones,Mostrar original,,,,,,,Traducido automáticamente,,"Esta es la opinión subjetiva de un miembro de Tripadvisor, no de Tripadvisor LLC. Tripadvisor realiza comprobaciones de las opiniones.",Leer más,0,,,,https://dynamic-media-cdn.tripadvisor.com/media/photo-o/1a/f6/f3/23/default-avatar-2020-28.jpg?w=100&h=-1&s=1,,
1775742496-4,https://www.tripadvisor.es/Restaurant_Review-g187514-d3669444-Reviews-Vinoteca_Moratin-Madrid.html,Teo N,"Es un restaurante excepcional. la comida es elevada, sabrosa, y el Servicio es sublime.","Felicitaciones al propietario! 
Es un restaurante excepcional. 
la comida es elevada, sabrosa, y el Servicio es sublime. 
El personal es profesional, y la forma de comunicación con los clientes es a un nivel muy alto. 
Todos los camareros tienen conocimientos avanzados sobre la amplia variedad de vinos que ofrecen, pero también sobre los platos culinarios. Antes de pedir el vino... puedes hacer una cata gratuita de los vinos recomendados. Las explicaciones sobre el origen del vino, los aromas y el tipo de uva son explicadas en detalle por los camareros. 
La relación precio - calidad es excepcional, y la experiencia en este lugar es idéntica a la cena que tiene con su familia. 
Es un lugar donde la calidez y amabilidad del personal te hace sentir maravilloso, y una simple cena se convierte en un evento único.",2 contribuciones,2,Escrita el 19 de octubre de 2025,2 contribuciones,Mostrar original,Calidad/precio,Ambiente,Servicio,Comida,,,Traducido automáticamente,"Esta es la opinión subjetiva de un miembro de Tripadvisor, no de Tripadvisor LLC. Tripadvisor realiza comprobaciones de las opiniones.",,Leer más,0,,,,https://dynamic-media-cdn.tripadvisor.com/media/photo-o/1a/f6/f2/eb/default-avatar-2020-27.jpg?w=100&h=-1&s=1,,
1775742496-5,https://www.tripadvisor.es/Restaurant_Review-g187514-d3669444-Reviews-Vinoteca_Moratin-Madrid.html,Javier M,Me sorprendió agradablemente,"Fuimos con mis cuñados que ya lo conocían y desde el principio todo fue muy bien
Nos sentaron en una mesa muy agradable junto a la ventana, nos explicaron los platos de su corta carta de una forma muy agradable
Nos tomaron la comanda aconsejándonos que no nos pasáramos en lo que estábamos pidiendo
La comida espectacular, unas lentejas caviar exquisitas, unos puerros buenísimos y unas verdinas con sepia y salmonete para dar saltos de alegria
Y para terminar una tarde de queso excelente y unos helados
La atención de las camareras muy buena y el dueño encantador
Sin duda que volveremos para seguir probando platos de su carta",531 contribuciones,531,Escrita el 4 de octubre de 2025,"Madrid, España",,,,,,,https://dynamic-media-cdn.tripadvisor.com/media/photo-o/31/4a/e0/be/caption.jpg?w=300&h=300&s=1,,,"Esta es la opinión subjetiva de un miembro de Tripadvisor, no de Tripadvisor LLC. Tripadvisor realiza comprobaciones de las opiniones.",Leer más,0,https://dynamic-media-cdn.tripadvisor.com/media/photo-o/31/4a/e0/bf/caption.jpg?w=300&h=300&s=1,,,https://dynamic-media-cdn.tripadvisor.com/media/photo-o/03/6d/7d/0c/javier-m.jpg?w=100&h=-1&s=1,,
1775742496-6,https://www.tripadvisor.es/Restaurant_Review-g187514-d3669444-Reviews-Vinoteca_Moratin-Madrid.html,Karen S,Una experiencia gastronómica memorable,"Mi hija y yo disfrutamos mucho de nuestra experiencia gastronómica anoche. El Servicio fue impecable. Fue muy útil que el chef nos explicara los platos y nos quedamos muy impresionados de que pudiéramos tomar porciones más pequeñas para compartir entrantes entre nosotros, lo que nos dio la oportunidad de probar más de lo que se ofrecía. El vino recomendado era delicioso y a un precio razonable por la calidad. 
Toda la experiencia fue un punto culminante de nuestro viaje a Madrid, pero si tuviéramos que elegir un plato destacado ambos elegiríamos la sopa de tomate, hecha de tomates asados al horno con la adición de queso de cabra. El sabor era increíble! 
Sin duda volveríamos. Reservar es esencial ya que hay coberturas limitadas.",133 contribuciones,133,Escrita el 3 de octubre de 2025,"Northampton, Reino Unido",Mostrar original,Calidad/precio,Ambiente,Servicio,Comida,,https://dynamic-media-cdn.tripadvisor.com/media/photo-o/31/49/2d/21/caption.jpg?w=300&h=300&s=1,Traducido automáticamente,,,Leer más,0,https://dynamic-media-cdn.tripadvisor.com/media/photo-o/31/49/2d/22/caption.jpg?w=300&h=300&s=1,https://dynamic-media-cdn.tripadvisor.com/media/photo-o/31/49/2d/23/caption.jpg?w=300&h=300&s=1,https://dynamic-media-cdn.tripadvisor.com/media/photo-o/31/49/2d/24/caption.jpg?w=300&h=300&s=1,https://dynamic-media-cdn.tripadvisor.com/media/photo-o/2b/14/9a/ec/caption.jpg?w=100&h=-1&s=1,,
1775742496-7,https://www.tripadvisor.es/Restaurant_Review-g187514-d3669444-Reviews-Vinoteca_Moratin-Madrid.html,Jose J G,Acogedor con excelente cocina,"Tuvimos un gran tiempo en la Vinoteca. La calidad de la comida, las explicaciones del chef, la cocina y la profesionalidad de todos en el restaurante fueron increíbles. El puerro... ¡oh qué bueno!",12 contribuciones,12,Escrita el 14 de septiembre de 2025,"Herndon, Virginia",Mostrar original,,,,,,,Traducido automáticamente,,"Esta es la opinión subjetiva de un miembro de Tripadvisor, no de Tripadvisor LLC. Tripadvisor realiza comprobaciones de las opiniones.",Leer más,0,,,,https://dynamic-media-cdn.tripadvisor.com/media/photo-o/30/98/80/d5/n2635txjoseg.jpg?w=100&h=-1&s=1,,
1775742496-8,https://www.tripadvisor.es/Restaurant_Review-g187514-d3669444-Reviews-Vinoteca_Moratin-Madrid.html,Borja M,Magnífica experiencia,"Todo buenísimo, el trato inmejorable, buenos vinos… imprescindibles los puerros. Tomamos fuera de carta unas verdinas con salmonete que eran un espectáculo!!",2 contribuciones,2,Escrita el 26 de julio de 2025,2 contribuciones,,Calidad/precio,Ambiente,Servicio,Comida,,,,,"Esta es la opinión subjetiva de un miembro de Tripadvisor, no de Tripadvisor LLC. Tripadvisor realiza comprobaciones de las opiniones.",Leer más,0,,,,https://dynamic-media-cdn.tripadvisor.com/media/photo-o/1a/f6/f2/b8/default-avatar-2020-26.jpg?w=100&h=-1&s=1,,
1775742496-9,https://www.tripadvisor.es/Restaurant_Review-g187514-d3669444-Reviews-Vinoteca_Moratin-Madrid.html,Guillaume P,,"Excelente lugar descubierto esta noche. Entiendo totalmente por qué se necesita una reserva, IT realmente vale IT. Empecé con una de las mejores sopas de tomate de la historia (similar a la que compré en Bocuse hace 10 años) seguida de una excelente media porción de salmón y un pescado del día. Encima de IT dos copas de vino Blanco seco de las inmediaciones madrileñas para realizar el trayecto. Por último, un fondant de chocolate muy bonito con un helado violeta. Recomiendo encarecidamente este lugar con camareras amables y jefe simpático, incluso si no esperaron a mi comentario para tener una notoriedad local.",3 contribuciones,3,Escrita el 24 de julio de 2025,3 contribuciones,Mostrar original,Calidad/precio,Ambiente,Servicio,Comida,,,Traducido automáticamente,"Esta es la opinión subjetiva de un miembro de Tripadvisor, no de Tripadvisor LLC. Tripadvisor realiza comprobaciones de las opiniones.",,Leer más,0,,,,https://dynamic-media-cdn.tripadvisor.com/media/photo-o/1a/f6/77/ae/default-avatar-2020-2.jpg?w=100&h=-1&s=1,,
1775742496-10,https://www.tripadvisor.es/Restaurant_Review-g187514-d3669444-Reviews-Vinoteca_Moratin-Madrid.html,Frank de Kort,"Comida encantadora, gran servicio y ambiente íntimo","Qué velada maravillosa tuvimos aquí. La bienvenida por el anfitrión fue muy cordial y sincero. Inmediatamente nos sentimos muy bienvenidos. Todos los platos fueron claramente preparados con amor, boca - agua y perfeccionado a lo largo de los años. Los vinos recomendados fueron perfectamente elegidos y contribuyeron a la experiencia (de sabor). Podemos decir mucho más sobre esto, pero en realidad todo es superfluo. Si alguna vez estás en la zona; Book. Garantizamos una hermosa noche con deliciosa comida y bebidas en un ambiente íntimo.",13 contribuciones,13,Escrita el 23 de junio de 2025,13 contribuciones,Mostrar original,Calidad/precio,Ambiente,Servicio,Comida,,,Traducido automáticamente,"Esta es la opinión subjetiva de un miembro de Tripadvisor, no de Tripadvisor LLC. Tripadvisor realiza comprobaciones de las opiniones.",,Leer más,0,,,,https://dynamic-media-cdn.tripadvisor.com/media/photo-o/2d/a6/cb/24/caption.jpg?w=100&h=-1&s=1,,
1775742496-11,https://www.tripadvisor.es/Restaurant_Review-g187514-d3669444-Reviews-Vinoteca_Moratin-Madrid.html,Elise H,Excelente comida y gran servicio con muchas especialidades locales,"Excelente experiencia. Algunos de los servidores y el Chef hablan inglés, lo que facilita disfrutar de la cocina local. Mi marido y yo tuvimos una deliciosa comida. Recomendaron un delicioso vino blanco por solo 35€ y mi marido tomó dos copas de delicioso tinto por solo cinco euros cada una. El precio del buen vino era notablemente barato. El chef sale personalmente y explica todos los platos del menú, así como las especialidades diarias. Convirtiéndolo en una experiencia muy personal. Disfrutamos del confit de puerro, pulpo, salmonete rojo, (que era el pescado especial de los días, excelente sabor y perfectamente preparado) , y el steak tartar. Fueron muy amables en recomendarnos hacer algunas medias porciones, porque dijeron que pedimos demasiada comida! Pero disfrutamos cada bocado. Recomendamos encarecidamente este restaurante.",89 contribuciones,89,Escrita el 15 de mayo de 2025,"Huntington Beach, California",Mostrar original,,,,,,,Traducido automáticamente,,"Esta es la opinión subjetiva de un miembro de Tripadvisor, no de Tripadvisor LLC. Tripadvisor realiza comprobaciones de las opiniones.",Leer más,0,,,,https://dynamic-media-cdn.tripadvisor.com/media/photo-o/03/8b/b1/ee/elise-h.jpg?w=100&h=-1&s=1,,
1775742496-12,https://www.tripadvisor.es/Restaurant_Review-g187514-d3669444-Reviews-Vinoteca_Moratin-Madrid.html,heronrjm,Excelencia simple,Visitamos Moratín a las 8. 30 pm el jueves pasado. El restaurante ocupa un pequeño local decorado en un estilo moderado. Los otros huéspedes también fueron visitantes de Madrid que claramente estaban saboreando sus comidas. Tomamos una sopa de tomate simple seguido del pescado especial de salmonete rojo. Ambos estaban deliciosos. Incluso mejor que la hermosa y sencilla comida fue la encantadora bienvenida del equipo. Todo el mundo era tan amable. Fue una experiencia muy agradable y sin duda volveremos.,7 contribuciones,7,Escrita el 5 de mayo de 2025,"Dublín, Irlanda",Mostrar original,,,,,,,Traducido automáticamente,,"Esta es la opinión subjetiva de un miembro de Tripadvisor, no de Tripadvisor LLC. Tripadvisor realiza comprobaciones de las opiniones.",Leer más,1,,,,https://dynamic-media-cdn.tripadvisor.com/media/photo-o/1a/f6/f0/d5/default-avatar-2020-17.jpg?w=100&h=-1&s=1,,
1775742496-13,https://www.tripadvisor.es/Restaurant_Review-g187514-d3669444-Reviews-Vinoteca_Moratin-Madrid.html,Majo Ruiz,Vinoteca,"En pleno corazón de la ciudad, este bar es un verdadero templo para los amantes del vinilo y la buena vida. Desde que entras, el ambiente te envuelve con una mezcla perfecta de nostalgia y sofisticación: las paredes decoradas con portadas clásicas y una tornamesa siempre girando. Lo que realmente lo distingue es su exquisita selección de vinilos de música latina —salsa, bolero, cumbia, latin jazz— que llenan el lugar de ritmo y calidez. Acompañando la experiencia, ofrecen una carta de vinos cuidadosamente curada, ideal para maridar con su comida sabrosa y bien presentada, que mezcla lo tradicional con toques modernos. Ideal para ir a disfrutar con calma, entre buena música, buena comida y mejor compañía. Un rincón con alma, donde cada canción cuenta una historia.",71 contribuciones,71,Escrita el 2 de mayo de 2025,71 contribuciones,,,,,,,https://dynamic-media-cdn.tripadvisor.com/media/photo-o/2f/c2/80/ef/caption.jpg?w=300&h=300&s=1,,,"Esta es la opinión subjetiva de un miembro de Tripadvisor, no de Tripadvisor LLC. Tripadvisor realiza comprobaciones de las opiniones.",Leer más,0,https://dynamic-media-cdn.tripadvisor.com/media/photo-o/2f/c2/80/f0/caption.jpg?w=300&h=300&s=1,https://dynamic-media-cdn.tripadvisor.com/media/photo-o/2f/c2/80/f1/caption.jpg?w=300&h=300&s=1,https://dynamic-media-cdn.tripadvisor.com/media/photo-o/2f/c2/80/f2/caption.jpg?w=300&h=300&s=1,https://dynamic-media-cdn.tripadvisor.com/media/photo-o/1a/f6/f2/11/default-avatar-2020-23.jpg?w=100&h=-1&s=1,,
1775742496-14,https://www.tripadvisor.es/Restaurant_Review-g187514-d3669444-Reviews-Vinoteca_Moratin-Madrid.html,David W,Servicio excepcional y comida,"Después de salir del Prado a las 2 de la tarde llamé por teléfono al Restaurante y les quedaba una mesa para las 3 de la tarde, así que me alegré de haber llamado porque sentados tres o cuatro grupos de personas entraron fuera de la calle para ser rechazados. Este es un pequeño restaurante maravilloso experiencia muy personal el personal es encantador. El chef sale a explicar los cursos y cuando llegaron todo lo que puedo decir es totalmente satisfecho y espero que pueda volver en algún momento en el futuro.",136 contribuciones,136,Escrita el 19 de abril de 2025,"Barry, Reino Unido",Mostrar original,Calidad/precio,Ambiente,Servicio,Comida,,,Traducido automáticamente,"Esta es la opinión subjetiva de un miembro de Tripadvisor, no de Tripadvisor LLC. Tripadvisor realiza comprobaciones de las opiniones.",,Leer más,0,,,,https://dynamic-media-cdn.tripadvisor.com/media/photo-o/1c/1d/b3/73/david-w.jpg?w=100&h=-1&s=1,,
1775742496-15,https://www.tripadvisor.es/Restaurant_Review-g187514-d3669444-Reviews-Vinoteca_Moratin-Madrid.html,kaylaartt,Servicio personalizado y maravillosa experiencia gastronómica,"Qué placer. Tuvimos una gran experiencia en Vinoteca. El chef / propietario nos llevó a través del menú con cuidado, y apreciamos poder dividir tanto entrantes como entradas para probar más platos. Todo estaba fresco y bien preparado, con verdadera atención al detalle. La selección de vinos era impresionante, y el postre era igual de agradable.",799 contribuciones,799,Escrita el 12 de abril de 2025,"Los Ángeles, California",Mostrar original,Calidad/precio,Ambiente,Servicio,Comida,,,Traducido automáticamente,"Esta es la opinión subjetiva de un miembro de Tripadvisor, no de Tripadvisor LLC. Tripadvisor realiza comprobaciones de las opiniones.",,Leer más,0,,,,https://dynamic-media-cdn.tripadvisor.com/media/photo-o/02/e4/02/a3/kaylaartt.jpg?w=100&h=-1&s=1,,
1775742573-1,https://www.tripadvisor.es/Restaurant_Review-g187514-d3669444-Reviews-Vinoteca_Moratin-Madrid.html,Una súper experiencia gourmet y ambientazo,Natalie,"La Vinoteca Moratín es uno de mis restaurantes favoritos en Madrid. Sus productos siempre frescos y de excelente calidad. He puesto cualquier fecha en la descripción pero la verdad es que he ido mil veces ahí. El vino estupendo, te recomiendan unos vinos maravillosos. MUST ORDER: los puerros, el tartar, las albondigas de ciervo (si es temporada de caza) y un buen vino blanco. Estupendo vamos, no hay nada que les quitaría nota. Quitaría la compañía de algunas veces que fui, eso sí jajaj pero jamás del restaurante y los camareros y chef!",50 contribuciones,50,Escrita el 9 de febrero de 2024,"Madrid, España",Ambiente,Calidad/precio,Servicio,Comida,"Esta es la opinión subjetiva de un miembro de Tripadvisor, no de Tripadvisor LLC. Tripadvisor realiza comprobaciones de las opiniones.",,https://dynamic-media-cdn.tripadvisor.com/media/photo-o/2b/63/3a/4d/caption.jpg?w=100&h=-1&s=1,,,Leer más,,0,,,,,,
1775742573-2,https://www.tripadvisor.es/Restaurant_Review-g187514-d3669444-Reviews-Vinoteca_Moratin-Madrid.html,Comida exquisita en un local con mucho estilo,Sergio C,"Sitio con mucho estilo. El personal super agradable. El local bonito y tranquilo. Y la comida un auténtico espectáculo. De precio, muy muy correcto.
Recomendable 100%",280 contribuciones,280,Escrita el 12 de diciembre de 2023,"Madrid, España",Ambiente,Calidad/precio,Servicio,Comida,"Esta es la opinión subjetiva de un miembro de Tripadvisor, no de Tripadvisor LLC. Tripadvisor realiza comprobaciones de las opiniones.",,https://dynamic-media-cdn.tripadvisor.com/media/photo-o/1a/f6/f2/b8/default-avatar-2020-26.jpg?w=100&h=-1&s=1,,,Leer más,,1,,,,,,
1775742573-3,https://www.tripadvisor.es/Restaurant_Review-g187514-d3669444-Reviews-Vinoteca_Moratin-Madrid.html,Agradable,Lidia B,"Simplemente buenisimo !!  El trato fenomenal. Muy recomendable.
Fuimos en parejas. El servicio fenomenal. Pequeñito y muy acogedor por lo que es muy tranquilito y sin muchos ruidos.",5 contribuciones,5,Escrita el 9 de diciembre de 2023,5 contribuciones,,,,,,,,"Esta es la opinión subjetiva de un miembro de Tripadvisor, no de Tripadvisor LLC. Tripadvisor realiza comprobaciones de las opiniones.",,Leer más,,1,,,,,,
1775742573-4,https://www.tripadvisor.es/Restaurant_Review-g187514-d3669444-Reviews-Vinoteca_Moratin-Madrid.html,Simplemente extraordinario,miguel n,"Simplemente extraordinario recomendable 100x100, comida, servicio y trato buenísimo. Lo que uno espera cuando se va a un restaurante",7 contribuciones,7,Escrita el 17 de septiembre de 2023,7 contribuciones,,,,,,,https://dynamic-media-cdn.tripadvisor.com/media/photo-o/1a/f6/e2/e6/default-avatar-2020-45.jpg?w=100&h=-1&s=1,"Esta es la opinión subjetiva de un miembro de Tripadvisor, no de Tripadvisor LLC. Tripadvisor realiza comprobaciones de las opiniones.",,Leer más,,1,,,,,,
1775742573-5,https://www.tripadvisor.es/Restaurant_Review-g187514-d3669444-Reviews-Vinoteca_Moratin-Madrid.html,Restaurante único en la zona,Pilar P,"Estupendo restaurante cuentan con una comida increible. La carta no es larga pero todo lo que pruebas es fantástico. Si le añades a ello una gran oferta de vinos por copas y por botellas y un servicio estupendo donde el chef te recomienda y te explica cada plato (cosa que no hacen en todos los restaurantes), obtienes un restaurante único en la zona.",5 contribuciones,5,Escrita el 17 de agosto de 2023,"Mérida, España",Ambiente,Calidad/precio,Servicio,Comida,"Esta es la opinión subjetiva de un miembro de Tripadvisor, no de Tripadvisor LLC. Tripadvisor realiza comprobaciones de las opiniones.",,https://dynamic-media-cdn.tripadvisor.com/media/photo-o/1a/f6/f2/59/default-avatar-2020-24.jpg?w=100&h=-1&s=1,,,Leer más,,0,,,,,,
1775742573-6,https://www.tripadvisor.es/Restaurant_Review-g187514-d3669444-Reviews-Vinoteca_Moratin-Madrid.html,"Buena opción para comer em Madrid más allá de cocidos, callos o los evitables bocatas de calamares.",Dylaniano,"Buena calidad de los platos.  Excelente servicio de vino por copas. Atención al cliente inmejorable.
A destacar los puerros y el rodaballo.",4 contribuciones,4,Escrita el 7 de agosto de 2023,4 contribuciones,Ambiente,Calidad/precio,Servicio,Comida,"Esta es la opinión subjetiva de un miembro de Tripadvisor, no de Tripadvisor LLC. Tripadvisor realiza comprobaciones de las opiniones.",,https://dynamic-media-cdn.tripadvisor.com/media/photo-o/28/fc/b7/cf/mamierca.jpg?w=100&h=-1&s=1,,,Leer más,,0,,,,,,
1775742573-7,https://www.tripadvisor.es/Restaurant_Review-g187514-d3669444-Reviews-Vinoteca_Moratin-Madrid.html,"Espectacular; atención, calidad y ambiente",CarlosM,"Decidimos ir tras encontrarlo como recomendación en la guía Michelin y ha sido un gran descubrimiento.

El local no es muy grande lo que lo hace muy acogedor, genial para una cena tanto en pareja como con familia o amigos.

La carta no es extensa (creo que tan solo 10 platos) y nos gustaban todas las opciones así que el chef nos hizo un par de recomendaciones y nos ofreció pedir medias raciones para poder degustar más platos, sin duda un lujo.

Lo mejor sin duda fue el salmón marinado y las pochas con salmonete, explosión de sabor… exquisito.

La carta de vino es bastante extensa y, aunque conocíamos algunos, queríamos probar alguno nuevo así que lo dejamos en manos del chef y nos ofreció un vino de Burdeos exquisito.

El trato del camarero que nos atendió fue muy profesional a la vez que amable.

Para acabar la cena, después del postre, nos invitaron a un Malvasía de las Azores, también muy bueno.

No vamos a perder de vista este restaurante. Volveremos pronto seguro.",101 contribuciones,101,Escrita el 19 de junio de 2023,"Madrid, España",,,,,"Esta es la opinión subjetiva de un miembro de Tripadvisor, no de Tripadvisor LLC. Tripadvisor realiza comprobaciones de las opiniones.",,https://dynamic-media-cdn.tripadvisor.com/media/photo-o/15/bf/e9/11/caption.jpg?w=100&h=-1&s=1,,,Leer más,,0,,,,,,
1775742573-8,https://www.tripadvisor.es/Restaurant_Review-g187514-d3669444-Reviews-Vinoteca_Moratin-Madrid.html,Magnífico pequeño lugar.,rosa g,"Hace unos dias fue el cumpleaños de nuestra hija y decidimos ir a comer a este pequeño restaurante del barrio de las letras. Nos ha encantado en todos los sentidos. El ambiente estupendo, el personal superprofesional y muy atento y los platos soberbios. Los puerros, los canelones, las pochas... Todo magnífico y la relación precio-calidad estupenda sin duda, quizás de noche porque el ambiente de noche promete.",15 contribuciones,15,Escrita el 11 de junio de 2023,"Madrid, España",,Calidad/precio,Servicio,Comida,"Esta es la opinión subjetiva de un miembro de Tripadvisor, no de Tripadvisor LLC. Tripadvisor realiza comprobaciones de las opiniones.",,https://dynamic-media-cdn.tripadvisor.com/media/photo-o/1a/f6/f4/5d/default-avatar-2020-32.jpg?w=100&h=-1&s=1,,,Leer más,,0,,,,,,
1775742573-9,https://www.tripadvisor.es/Restaurant_Review-g187514-d3669444-Reviews-Vinoteca_Moratin-Madrid.html,Cena magnífica,miamar,"tenía ganas desde hacía tiempo de ir a este restaurante.

Como se puede deducir del nombre del restaurante, tiene una larga y variada carta de vinos tanto nacionales como internacionales. La carta de comida es más bien corta, con alrededor de 10 platos, ya que según nos comentó el chef preferían centrarse en unos pocos platos, de los cuales una parte importante son fijos y unos pocos van cambiando según productos de temporada. Algunos de los platos son adecuados para compartir y te los sirven ya directamente en platos diferentes.

Íbamos 2 personas y pedimos lo siguiente:

- Sopa del día, que era una sopa de tomates asados
- Puerros confitados en salsa romescu

Estos platos los compartimos. Aparte luego:

- Canelones rellenos de carrillera de ternera
- Pescado del día (una especie de guiso de pochas con salmonete)
- Tarta tatín de manzana
- Tarta de queso

Todo estuvo realmente bueno (solo la tarta de manzana no le terminó de convencer al amigo con el que iba) y en cantidades suficientes.

Aparte de agua tomamos una botella de vino blanco alemán.

La cuenta nos salió por unos 104€.

Buen servicio y chef amable que nos explicó los platos de la carta.

Solo admiten reservas por teléfono y es conveniente realizarla, porque el restaurante es pequeño y al menos para el fin de semana es difícil.",584 contribuciones,584,Escrita el 2 de junio de 2023,Madrid,,Calidad/precio,Servicio,Comida,"Esta es la opinión subjetiva de un miembro de Tripadvisor, no de Tripadvisor LLC. Tripadvisor realiza comprobaciones de las opiniones.",,https://dynamic-media-cdn.tripadvisor.com/media/photo-o/1a/f6/df/2b/default-avatar-2020-39.jpg?w=100&h=-1&s=1,,,Leer más,,1,,,,,,
1775742573-10,https://www.tripadvisor.es/Restaurant_Review-g187514-d3669444-Reviews-Vinoteca_Moratin-Madrid.html,Cena maridada,Javier M,"Cuando quieras celebrar ,  hacer una cena especial y mardidarlo con vinos sin duda vinoteca Moratin! Esta vez fui a cuatro pases con vinos del mundo 🌎🍷🍇 hubo dos que flipé un francés y otro argentino y luego en los postres me trajeron una malvasía de las Azores ... En fin . 
Gracias a todo el staff .",48 contribuciones,48,Escrita el 11 de marzo de 2023,"Colmenar Viejo, España",,,,,"Esta es la opinión subjetiva de un miembro de Tripadvisor, no de Tripadvisor LLC. Tripadvisor realiza comprobaciones de las opiniones.",,https://dynamic-media-cdn.tripadvisor.com/media/photo-o/1a/f6/f4/d0/default-avatar-2020-33.jpg?w=100&h=-1&s=1,,,Leer más,,0,,,,,,
1775742573-11,https://www.tripadvisor.es/Restaurant_Review-g187514-d3669444-Reviews-Vinoteca_Moratin-Madrid.html,Excelencia,Juan L,"Tienen un trato, un servicio, una atención y un materia prima del más alto nivel.
Nos atendió el dueño, nos recomendó, nos dio posibilidad de probar los vinos y de combinar platos.
Les pedí un favor para cumpleaños sorpresa y desde la misma entrada ya lo tenían previsto y la persona sorprendida no sospechó nada.
En definitiva, un 10!",4 contribuciones,4,Escrita el 9 de marzo de 2023,"Montoro, España",,,,,"Esta es la opinión subjetiva de un miembro de Tripadvisor, no de Tripadvisor LLC. Tripadvisor realiza comprobaciones de las opiniones.",,https://dynamic-media-cdn.tripadvisor.com/media/photo-o/1a/f6/e2/a7/default-avatar-2020-44.jpg?w=100&h=-1&s=1,,"Opinión obtenida en colaboración con este restaurante Este negocio utiliza herramientas facilitadas por Tripadvisor (o uno de sus socios oficiales de recopilación de opiniones) para animar a los huéspedes a que escriban opiniones y recopilarlas, incluida esta.",Leer más,"Este negocio utiliza herramientas facilitadas por Tripadvisor (o uno de sus socios oficiales de recopilación de opiniones) para animar a los huéspedes a que escriban opiniones y recopilarlas, incluida esta.",0,,,,,,
1775742573-12,https://www.tripadvisor.es/Restaurant_Review-g187514-d3669444-Reviews-Vinoteca_Moratin-Madrid.html,Comida inmejorable,Flor,"Hemos estado mi pareja y yo hoy comiendo en este estupendo restaurante, desde que entras por la puerta todo es amabilidad y profesionalidad, una adecuada y correcta explicación de los platos para una acertada elección de ellos, se agradece mucho. La comida excelente, no se puede decir otra cosa, muy buena calidad y cocina. En definitiva un restaurante recomendable 100%. Volveremos seguro.",22 contribuciones,22,Escrita el 9 de marzo de 2023,"Vitoria-Gasteiz, España",,,,,"Esta es la opinión subjetiva de un miembro de Tripadvisor, no de Tripadvisor LLC. Tripadvisor realiza comprobaciones de las opiniones.",,,,"Opinión obtenida en colaboración con este restaurante Este negocio utiliza herramientas facilitadas por Tripadvisor (o uno de sus socios oficiales de recopilación de opiniones) para animar a los huéspedes a que escriban opiniones y recopilarlas, incluida esta.",Leer más,"Este negocio utiliza herramientas facilitadas por Tripadvisor (o uno de sus socios oficiales de recopilación de opiniones) para animar a los huéspedes a que escriban opiniones y recopilarlas, incluida esta.",0,,,,,,
1775742573-13,https://www.tripadvisor.es/Restaurant_Review-g187514-d3669444-Reviews-Vinoteca_Moratin-Madrid.html,Comida,Luis A,"Muy buena comida en el centro de Madrid, y muy buen servicio, lo recomiendo. Carta de vinos muy extensa, …..tanto que me equivoque con el vino",9 contribuciones,9,Escrita el 4 de febrero de 2023,9 contribuciones,,,,,"Esta es la opinión subjetiva de un miembro de Tripadvisor, no de Tripadvisor LLC. Tripadvisor realiza comprobaciones de las opiniones.",,https://dynamic-media-cdn.tripadvisor.com/media/photo-o/1a/f6/e7/3d/default-avatar-2020-55.jpg?w=100&h=-1&s=1,,"Opinión obtenida en colaboración con este restaurante Este negocio utiliza herramientas facilitadas por Tripadvisor (o uno de sus socios oficiales de recopilación de opiniones) para animar a los huéspedes a que escriban opiniones y recopilarlas, incluida esta.",Leer más,"Este negocio utiliza herramientas facilitadas por Tripadvisor (o uno de sus socios oficiales de recopilación de opiniones) para animar a los huéspedes a que escriban opiniones y recopilarlas, incluida esta.",0,,,,,,
1775742573-14,https://www.tripadvisor.es/Restaurant_Review-g187514-d3669444-Reviews-Vinoteca_Moratin-Madrid.html,10 de 10,mariahelena g,"Pequeño agradable acogedor buenos precios, muy buena calidad de esos lugares para repetir constantemente 10 de 10....",69 contribuciones,69,Escrita el 23 de enero de 2023,"Miami, Florida",,,,,,,https://dynamic-media-cdn.tripadvisor.com/media/photo-o/27/fb/39/38/caption.jpg?w=100&h=-1&s=1,"Esta es la opinión subjetiva de un miembro de Tripadvisor, no de Tripadvisor LLC. Tripadvisor realiza comprobaciones de las opiniones.",,Leer más,,0,,,,,,
1775742573-15,https://www.tripadvisor.es/Restaurant_Review-g187514-d3669444-Reviews-Vinoteca_Moratin-Madrid.html,Inmejorable atención y ambiente en pleno Barrio de Las Letras,Lutxo Pool,"No es la primera vez que vamos a este pequeño y coqueto restaurante cuya carta es corta pero especial. Es cocina de mercado que se basa en un buen producto de temporada. Todo estaba rico: la sopa del día era de tomates, sus famosos puerros confitados y salmón marinado y después comimos verdinas con salmonete, pollo al grill, bacalao con verduras y unos deliciosos canelones de carrillera. La atención es maravillosa y en espacial la de Marcos que te explica detalladamente los platos que ofrecen y te recomienda estupendamente. No dudes en ir, pero recuerda que tienes que llamar para reservar anticipadamente, de lo contrario no tendrás sitio pues no hay muchas mesas.",272 contribuciones,272,Escrita el 14 de enero de 2023,"Madrid, España",,,,,,,https://dynamic-media-cdn.tripadvisor.com/media/photo-o/06/6e/0b/4c/lmvillara.jpg?w=100&h=-1&s=1,"Esta es la opinión subjetiva de un miembro de Tripadvisor, no de Tripadvisor LLC. Tripadvisor realiza comprobaciones de las opiniones.",,Leer más,,0,,,,,,
1775742522-1,https://www.tripadvisor.es/Restaurant_Review-g187514-d3669444-Reviews-Vinoteca_Moratin-Madrid.html,Un disfrute,josemanuel55,"Maravillosa experiencia tras el tercer intento de reserva, extraordinaria atención desde la reserva hasta la despedida, la comida ""un disfrute"" lastima e estar tan lejos para no poder probarlo todo. Carta pequeña pero variada, a mí me gusta así. Salmonetes sobre verdina, los clásicos puerros, el salmón marinado, el bacalao, los canelones, etc.  
Gracias Víctor y todo el equipo por vuestra atención y bien hacer, espero vernos pronto.",238 contribuciones,238,Escrita el 5 de abril de 2025,"Sevilla, España",,Calidad/precio,Ambiente,Servicio,Comida,,,,,"Esta es la opinión subjetiva de un miembro de Tripadvisor, no de Tripadvisor LLC. Tripadvisor realiza comprobaciones de las opiniones.",,Leer más,,,https://dynamic-media-cdn.tripadvisor.com/media/photo-o/1a/f6/f3/23/default-avatar-2020-28.jpg?w=100&h=-1&s=1,,,0.0
1775742522-2,https://www.tripadvisor.es/Restaurant_Review-g187514-d3669444-Reviews-Vinoteca_Moratin-Madrid.html,Madrid Bistro es memorable.,Ellen I,"Un hermoso e íntimo bistró que estará encantado de encontrar. La comida era deliciosa, con un montón de opciones interesantes. El servicio fue impecable con una atención cuidadosa durante toda la noche. Apreciamos la hermosa vajilla y cristalería. Qué velada más bonita.",1586 contribuciones,1586,Escrita el 8 de marzo de 2025,"Dayton, Ohio",Mostrar original,,,,,,https://dynamic-media-cdn.tripadvisor.com/media/photo-o/2f/3f/1f/56/caption.jpg?w=300&h=300&s=1,,Traducido automáticamente,,"Esta es la opinión subjetiva de un miembro de Tripadvisor, no de Tripadvisor LLC. Tripadvisor realiza comprobaciones de las opiniones.",Leer más,https://dynamic-media-cdn.tripadvisor.com/media/photo-o/2f/3f/1f/57/caption.jpg?w=300&h=300&s=1,https://dynamic-media-cdn.tripadvisor.com/media/photo-o/2f/3f/1f/58/caption.jpg?w=300&h=300&s=1,https://dynamic-media-cdn.tripadvisor.com/media/photo-o/2d/c0/5d/6c/caption.jpg?w=100&h=-1&s=1,,,0.0
1775742522-3,https://www.tripadvisor.es/Restaurant_Review-g187514-d3669444-Reviews-Vinoteca_Moratin-Madrid.html,"Gran relación calidad-precio, restaurante amable.",Wanderer 59,"Realmente disfrutamos de nuestra visita a este restaurante. El personal era agradable y bien informado. Las opciones de comida y vino eran muy buenas y sugerencias de maridaje muy útiles. Excelente relación calidad-precio. Recomendaría reservar con antelación, ya que estaba totalmente reservado la noche entre semana que visitamos.",4 contribuciones,4,Escrita el 24 de febrero de 2025,4 contribuciones,Mostrar original,,,,,,,,Traducido automáticamente,"Esta es la opinión subjetiva de un miembro de Tripadvisor, no de Tripadvisor LLC. Tripadvisor realiza comprobaciones de las opiniones.",,Leer más,,,https://dynamic-media-cdn.tripadvisor.com/media/photo-o/1a/f6/ea/74/default-avatar-2020-68.jpg?w=100&h=-1&s=1,,,0.0
1775742522-4,https://www.tripadvisor.es/Restaurant_Review-g187514-d3669444-Reviews-Vinoteca_Moratin-Madrid.html,"Buena experiencia, recomendado.",Jesús M,"Un sitio muy acogedor en el que dan comida de muy buena calidad. Pedimos el plato de puerros, el bacalao y un postre. Estaba todo muy bueno.",110 contribuciones,110,Escrita el 14 de enero de 2025,"Madrid, España",,Calidad/precio,Ambiente,Servicio,Comida,,https://dynamic-media-cdn.tripadvisor.com/media/photo-o/2e/8f/7b/e8/caption.jpg?w=300&h=300&s=1,,,,"Esta es la opinión subjetiva de un miembro de Tripadvisor, no de Tripadvisor LLC. Tripadvisor realiza comprobaciones de las opiniones.",Leer más,https://dynamic-media-cdn.tripadvisor.com/media/photo-o/2e/8f/7b/e9/caption.jpg?w=300&h=300&s=1,https://dynamic-media-cdn.tripadvisor.com/media/photo-o/2e/8f/7b/ea/caption.jpg?w=300&h=300&s=1,https://dynamic-media-cdn.tripadvisor.com/media/photo-o/1b/a8/26/e8/c5404bqjes-sm.jpg?w=100&h=-1&s=1,,,0.0
1775742522-5,https://www.tripadvisor.es/Restaurant_Review-g187514-d3669444-Reviews-Vinoteca_Moratin-Madrid.html,Local muy acogedor con buena comida,diego,"Fuimos a comer hace 1 semana por recomendación de una amiga. Nos encantó el sitio. Local relativamente pequeño con pocas mesas y muy acogedor.  La carta tendrá unos 10 platos. Trato muy cercano de todo el personal.  Explican con detalle todos los plato. Recomendables entre otros, los canelones de carrillada de ternera (jugosos y muy sabrosos) y el steak tartar. Carta de vinos muy completa. Sin duda volveremos para probar otros platos.",1 contribución,1,Escrita el 29 de noviembre de 2024,"Tenerife, España",,,,,,,,"Esta es la opinión subjetiva de un miembro de Tripadvisor, no de Tripadvisor LLC. Tripadvisor realiza comprobaciones de las opiniones.",,,,Leer más,,,https://dynamic-media-cdn.tripadvisor.com/media/photo-o/1a/f6/df/99/default-avatar-2020-40.jpg?w=100&h=-1&s=1,,,0.0
1775742522-6,https://www.tripadvisor.es/Restaurant_Review-g187514-d3669444-Reviews-Vinoteca_Moratin-Madrid.html,Vinoteca 100%,Lluna,"En general, esta bien. El local es pequeño pero bien aprovechado. Lo mejor es Víctor, se nota que siente lo que hace. Los platos estan trabajados y la calidad es muy buena. Quizás por los comentarios esperaba sorprenderme y aunque comí muy bien, ningún plato me cautivó. Ahora bien, destaco la gran oferta de vinos, un placer.",24 contribuciones,24,Escrita el 7 de noviembre de 2024,"Girona, España",,,,,,,,"Esta es la opinión subjetiva de un miembro de Tripadvisor, no de Tripadvisor LLC. Tripadvisor realiza comprobaciones de las opiniones.",,,,Leer más,,,https://dynamic-media-cdn.tripadvisor.com/media/photo-o/16/60/b2/f1/llunatg.jpg?w=100&h=-1&s=1,,,0.0
1775742522-7,https://www.tripadvisor.es/Restaurant_Review-g187514-d3669444-Reviews-Vinoteca_Moratin-Madrid.html,Excelente comida y servicio a un precio razonable,LS,"Las reservas son muy recomendables, aunque puedes tener suerte como nosotros. Entramos tan pronto como el restaurante abrió para el almuerzo y por suerte para nosotros, tenían una cancelación y nos podía llevar. Es un restaurante pequeño y cuando fuimos a comer, había dos servidores y el chef / propietario vino a cada mesa para explicar el menú y tomar el pedido. La comida y el servicio eran excelentes (fue el mejor servicio que tuvimos durante nuestras vacaciones de 10 días en Madrid/Barcelona/Toledo). Y los precios eran muy razonables para la calidad de la comida.",16 contribuciones,16,Escrita el 3 de octubre de 2024,"Madrid, España",Mostrar original,Calidad/precio,Ambiente,Servicio,Comida,,,,Traducido automáticamente,,"Esta es la opinión subjetiva de un miembro de Tripadvisor, no de Tripadvisor LLC. Tripadvisor realiza comprobaciones de las opiniones.",Leer más,,,https://dynamic-media-cdn.tripadvisor.com/media/photo-o/1a/f6/ea/b2/default-avatar-2020-69.jpg?w=100&h=-1&s=1,,,0.0
1775742522-8,https://www.tripadvisor.es/Restaurant_Review-g187514-d3669444-Reviews-Vinoteca_Moratin-Madrid.html,Exquisita sorpresa familiar,Inés P,"Todo al mismo nivel, comida y servicio excelente. El camarero Víctor espectacular. Nos explicaron los platos maravillosamente. Los vinos toro maravillosos. Y los vinos canarios muy buenos.",7 contribuciones,7,Escrita el 28 de septiembre de 2024,7 contribuciones,,,,,,,https://dynamic-media-cdn.tripadvisor.com/media/photo-o/2d/a6/2f/fa/caption.jpg?w=300&h=300&s=1,,,"Esta es la opinión subjetiva de un miembro de Tripadvisor, no de Tripadvisor LLC. Tripadvisor realiza comprobaciones de las opiniones.",,Leer más,https://dynamic-media-cdn.tripadvisor.com/media/photo-o/2d/a6/2f/fb/caption.jpg?w=300&h=300&s=1,https://dynamic-media-cdn.tripadvisor.com/media/photo-o/2d/a6/2f/fc/caption.jpg?w=300&h=300&s=1,https://dynamic-media-cdn.tripadvisor.com/media/photo-o/1a/f6/df/2b/default-avatar-2020-39.jpg?w=100&h=-1&s=1,,,0.0
1775742522-9,https://www.tripadvisor.es/Restaurant_Review-g187514-d3669444-Reviews-Vinoteca_Moratin-Madrid.html,Un hallazgo fantástico,Robert D,"Estábamos enamorados de este lugar al principio. Erróneamente no pedí una reserva, pero apretaron en nuestro grupo de 3 de todos modos. Nos encontramos con un hombre muy servicial que conocía los detalles íntimos de cada elemento del menú y los especiales. La frescura y la preparación de la comida coincide con un restaurante con estrella Michelin. Son un sitio de Bib Gourmand. ¡Oh, por cierto, ese hombre conocedor y complaciente era el Chef Ejecutivo! Nunca había visto algo así. Conocía los detalles de cada elemento del menú. ¡Pasó su tiempo con los clientes! El subcocinero hizo el emplatado en la parte de atrás. No te dejes engañar por el menú más corto porque todos son geniales. Y la factura era aproximadamente un 70% menos de lo que tendría que pagar en casa en la región vinícola de California. ¡Excelente!",24 contribuciones,24,Escrita el 11 de septiembre de 2024,"Healdsburg, California",Mostrar original,,,,,,,,Traducido automáticamente,"Esta es la opinión subjetiva de un miembro de Tripadvisor, no de Tripadvisor LLC. Tripadvisor realiza comprobaciones de las opiniones.",,Leer más,,,https://dynamic-media-cdn.tripadvisor.com/media/photo-o/1a/f6/de/e7/default-avatar-2020-37.jpg?w=100&h=-1&s=1,,,0.0
1775742522-10,https://www.tripadvisor.es/Restaurant_Review-g187514-d3669444-Reviews-Vinoteca_Moratin-Madrid.html,¡El mejor servicio!,markzz2,"Fantástico servicio, desde hacer una reserva telefónica con una dama realmente amable, hasta la cálida bienvenida en el día y un servicio atento por tres servidores verdaderamente encantadores. Se sabían el menú de memoria y tuvieron el placer de describir los platos en detalle y hacer recomendaciones. 
La comida era excelente y tuvimos una noche realmente encantadora. Habríamos vuelto pero tristemente cierra los domingos pero volveríamos seguro cuando estemos el próximo en Madrid. 
Un menú muy variado e interesante y precios razonables añadidos al disfrute.",286 contribuciones,286,Escrita el 31 de julio de 2024,"Londres, Reino Unido",Mostrar original,,,,,,,,Traducido automáticamente,"Esta es la opinión subjetiva de un miembro de Tripadvisor, no de Tripadvisor LLC. Tripadvisor realiza comprobaciones de las opiniones.",,Leer más,,,https://dynamic-media-cdn.tripadvisor.com/media/photo-f/01/b6/35/75/markzz2.jpg?w=100&h=-1&s=1,,,1.0
1775742522-11,https://www.tripadvisor.es/Restaurant_Review-g187514-d3669444-Reviews-Vinoteca_Moratin-Madrid.html,Comida agradable de celebración.,Maite A,"Local muy agradable aunque de dimensiones reducidas.
Amabilidad del chef que te explica con detalle los platos que te ofrece.
Calidad de los productos buena aunque precios un poco elevados especialmente en carta de vinos y también en entrantes correctos sin más y en postres. 
En carta el pescado del día tiene un precio inferior del que te cobran finalmente. Este detalle debería corregirse pues no resulta ético.",1 contribución,1,Escrita el 28 de junio de 2024,1 contribución,,Calidad/precio,Ambiente,Servicio,Comida,,,,,"Esta es la opinión subjetiva de un miembro de Tripadvisor, no de Tripadvisor LLC. Tripadvisor realiza comprobaciones de las opiniones.",,Leer más,,,,,,0.0
1775742522-12,https://www.tripadvisor.es/Restaurant_Review-g187514-d3669444-Reviews-Vinoteca_Moratin-Madrid.html,Buen trabajo,Luis,"Estuvimos muy bien atendidos. 
Los platos fueron explicados muy bien. 
El producto utilizado es de gran calidad. 
La elaboración es cuidada y singular, aunque sin pasarse. 
La carta de vinos bien nutrida.",7 contribuciones,7,Escrita el 25 de junio de 2024,7 contribuciones,,,,,,,,"Esta es la opinión subjetiva de un miembro de Tripadvisor, no de Tripadvisor LLC. Tripadvisor realiza comprobaciones de las opiniones.",,,,Leer más,,,https://dynamic-media-cdn.tripadvisor.com/media/photo-o/1a/f6/7c/01/default-avatar-2020-5.jpg?w=100&h=-1&s=1,,,0.0
1775742522-13,https://www.tripadvisor.es/Restaurant_Review-g187514-d3669444-Reviews-Vinoteca_Moratin-Madrid.html,Mi lugar favorito en Madrid…!!!!,Pablo R,"Es una propuesta difícil de batir. 
Calidad en todos los planos, buen gusto, refinamiento sin caer en el exceso, producto excelente, tratamiento delicado, cocina de raíces y con cierto alma clásica, equilibrio como virtud, atención exquisita, buen gusto para la presentación, gestión impecable de Marcos y su equipo, vinos de escándalo…
No es casualidad que gane premios…
Sin dudas uno de los mejore lugares para disfrutar de Madrid.
Os descubrí casi por casualidad hace ya muchos años, y desde entonces sois constantes en mi lista top… 
Lo único malo es que es que el local es pequeño y claro, conseguir mesa cada vez esta más caro…
mil gracias por hacernos disfrutar como niños…!!!!",3 contribuciones,3,Escrita el 30 de mayo de 2024,3 contribuciones,,,,,,,,"Esta es la opinión subjetiva de un miembro de Tripadvisor, no de Tripadvisor LLC. Tripadvisor realiza comprobaciones de las opiniones.",,,,Leer más,,,https://dynamic-media-cdn.tripadvisor.com/media/photo-o/1a/f6/e9/60/default-avatar-2020-64.jpg?w=100&h=-1&s=1,,,0.0
1775742522-14,https://www.tripadvisor.es/Restaurant_Review-g187514-d3669444-Reviews-Vinoteca_Moratin-Madrid.html,Lugar con magia.,Jose  A B,Es un local pequeño pero encantador. La atención extraordinaria. La comida muy sana y riquísima. Desde que descubrimos el restaurante y siempre que vamos a Madrid acabamos comiendo en Moratin . Muy recomendable.,2 contribuciones,2,Escrita el 11 de mayo de 2024,2 contribuciones,,,,,,,,"Esta es la opinión subjetiva de un miembro de Tripadvisor, no de Tripadvisor LLC. Tripadvisor realiza comprobaciones de las opiniones.",,,,Leer más,,,https://dynamic-media-cdn.tripadvisor.com/media/photo-o/1a/f6/ef/32/default-avatar-2020-12.jpg?w=100&h=-1&s=1,,,1.0
1775742522-15,https://www.tripadvisor.es/Restaurant_Review-g187514-d3669444-Reviews-Vinoteca_Moratin-Madrid.html,Comer bien y a gusto,Au C,Genial!! Lorecomiendo cien por cien. Comida exquisita súper sana bien presentada el vino excelente el local pequeñito pero súper agradable y la atención de todo el personal no se puede mejorar,1 contribución,1,Escrita el 7 de abril de 2024,1 contribución,,Calidad/precio,Ambiente,Servicio,Comida,,,Que hagan la reserva con días de antelación,,,"Esta es la opinión subjetiva de un miembro de Tripadvisor, no de Tripadvisor LLC. Tripadvisor realiza comprobaciones de las opiniones.",Leer más,,,https://dynamic-media-cdn.tripadvisor.com/media/photo-o/1a/f6/f0/d5/default-avatar-2020-17.jpg?w=100&h=-1&s=1,,,0.0
